-- RHSYS Database Backup
-- Generated: 2025-11-28 01:47:31
-- Database: if0_40210966_system2

DROP TABLE IF EXISTS `activity_logs`;
CREATE TABLE `activity_logs` (
  `id` int(11) NOT NULL AUTO_INCREMENT,
  `user_id` int(11) NOT NULL,
  `action` varchar(255) NOT NULL,
  `description` text DEFAULT NULL,
  `table_name` varchar(100) DEFAULT NULL,
  `record_id` int(11) DEFAULT NULL,
  `ip_address` varchar(45) DEFAULT NULL,
  `user_agent` text DEFAULT NULL,
  `created_at` timestamp NULL DEFAULT current_timestamp(),
  PRIMARY KEY (`id`),
  KEY `user_id` (`user_id`)
) ENGINE=MyISAM AUTO_INCREMENT=289 DEFAULT CHARSET=latin1 COLLATE=latin1_swedish_ci;

INSERT INTO `activity_logs` VALUES ('5', '2', 'LOGIN', 'User logged in successfully', NULL, NULL, '65.181.9.134', 'Mozilla/5.0 (Linux; Android 10; K) AppleWebKit/537.36 (KHTML, like Gecko) Chrome/140.0.0.0 Mobile Safari/537.36', '2025-11-20 17:14:42'),
('6', '2', 'VISIT_ADD', 'Added visit for patient ID: ', 'patient_visits', NULL, '65.181.9.134', 'Mozilla/5.0 (Linux; Android 10; K) AppleWebKit/537.36 (KHTML, like Gecko) Chrome/140.0.0.0 Mobile Safari/537.36', '2025-11-20 17:14:50'),
('7', '2', 'VISIT_ADD', 'Added visit for patient ID: ', 'patient_visits', NULL, '65.181.9.134', 'Mozilla/5.0 (Linux; Android 10; K) AppleWebKit/537.36 (KHTML, like Gecko) Chrome/140.0.0.0 Mobile Safari/537.36', '2025-11-20 17:15:20'),
('8', '2', 'LOGIN', 'User logged in successfully', NULL, NULL, '175.176.0.163', 'Mozilla/5.0 (Windows NT 10.0; Win64; x64) AppleWebKit/537.36 (KHTML, like Gecko) Chrome/142.0.0.0 Safari/537.36', '2025-11-21 15:06:15'),
('9', '2', 'VISIT_ADD', 'Added visit for patient ID: ', 'patient_visits', NULL, '175.176.0.163', 'Mozilla/5.0 (Windows NT 10.0; Win64; x64) AppleWebKit/537.36 (KHTML, like Gecko) Chrome/142.0.0.0 Safari/537.36', '2025-11-21 16:08:05'),
('10', '2', 'VISIT_ADD', 'Added visit for patient ID: ', 'patient_visits', NULL, '175.176.0.163', 'Mozilla/5.0 (Windows NT 10.0; Win64; x64) AppleWebKit/537.36 (KHTML, like Gecko) Chrome/142.0.0.0 Safari/537.36', '2025-11-21 18:47:43'),
('11', '2', 'VISIT_ADD', 'Added visit for patient ID: ', 'patient_visits', NULL, '175.176.0.163', 'Mozilla/5.0 (Windows NT 10.0; Win64; x64) AppleWebKit/537.36 (KHTML, like Gecko) Chrome/142.0.0.0 Safari/537.36', '2025-11-21 19:01:20'),
('12', '2', 'VISIT_ADD', 'Added visit for patient ID: ', 'patient_visits', NULL, '175.176.0.163', 'Mozilla/5.0 (Windows NT 10.0; Win64; x64) AppleWebKit/537.36 (KHTML, like Gecko) Chrome/142.0.0.0 Safari/537.36', '2025-11-21 19:11:02'),
('13', '2', 'VISIT_ADD', 'Added visit for patient ID: ', 'patient_visits', NULL, '175.176.0.163', 'Mozilla/5.0 (Windows NT 10.0; Win64; x64) AppleWebKit/537.36 (KHTML, like Gecko) Chrome/142.0.0.0 Safari/537.36', '2025-11-21 19:21:32'),
('14', '2', 'VISIT_ADD', 'Added visit for patient ID: ', 'patient_visits', NULL, '175.176.0.163', 'Mozilla/5.0 (Windows NT 10.0; Win64; x64) AppleWebKit/537.36 (KHTML, like Gecko) Chrome/142.0.0.0 Safari/537.36', '2025-11-21 19:28:41'),
('15', '2', 'PATIENT_ADDED', 'Added new patient', 'patients', '8', '175.176.0.163', 'Mozilla/5.0 (Windows NT 10.0; Win64; x64) AppleWebKit/537.36 (KHTML, like Gecko) Chrome/142.0.0.0 Safari/537.36', '2025-11-21 19:29:07'),
('16', '2', 'LOGIN', 'User logged in successfully', NULL, NULL, '175.176.0.163', 'Mozilla/5.0 (Windows NT 10.0; Win64; x64) AppleWebKit/537.36 (KHTML, like Gecko) Chrome/142.0.0.0 Safari/537.36', '2025-11-21 19:43:04'),
('17', '2', 'PATIENT_DELETED', 'Deleted patient and all related records', 'patients', '8', '175.176.0.163', 'Mozilla/5.0 (Windows NT 10.0; Win64; x64) AppleWebKit/537.36 (KHTML, like Gecko) Chrome/142.0.0.0 Safari/537.36', '2025-11-21 19:43:17'),
('18', '2', 'LOGIN', 'User logged in successfully', NULL, NULL, '175.176.0.163', 'Mozilla/5.0 (Linux; Android 16; sdk_gphone64_x86_64 Build/BE2A.250530.026.D1; wv) AppleWebKit/537.36 (KHTML, like Gecko) Version/4.0 Chrome/141.0.7390.122 Mobile Safari/537.36', '2025-11-22 00:20:22'),
('19', '2', 'VISIT_ADD', 'Added visit for patient ID: ', 'patient_visits', NULL, '175.176.0.163', 'Mozilla/5.0 (Linux; Android 16; sdk_gphone64_x86_64 Build/BE2A.250530.026.D1; wv) AppleWebKit/537.36 (KHTML, like Gecko) Version/4.0 Chrome/141.0.7390.122 Mobile Safari/537.36', '2025-11-22 00:22:00'),
('20', '2', 'LOGIN', 'User logged in successfully', NULL, NULL, '175.176.2.255', 'Mozilla/5.0 (Windows NT 10.0; Win64; x64) AppleWebKit/537.36 (KHTML, like Gecko) Chrome/142.0.0.0 Safari/537.36', '2025-11-22 20:00:12'),
('21', '2', 'VISIT_ADD', 'Added visit for patient ID: ', 'patient_visits', NULL, '175.176.2.255', 'Mozilla/5.0 (Windows NT 10.0; Win64; x64) AppleWebKit/537.36 (KHTML, like Gecko) Chrome/142.0.0.0 Safari/537.36', '2025-11-22 20:03:51'),
('22', '2', 'VISIT_ADD', 'Added visit for patient ID: ', 'patient_visits', NULL, '175.176.2.255', 'Mozilla/5.0 (Windows NT 10.0; Win64; x64) AppleWebKit/537.36 (KHTML, like Gecko) Chrome/142.0.0.0 Safari/537.36', '2025-11-22 20:16:59'),
('23', '2', 'VISIT_ADD', 'Added visit for patient ID: ', 'patient_visits', NULL, '175.176.2.255', 'Mozilla/5.0 (Windows NT 10.0; Win64; x64) AppleWebKit/537.36 (KHTML, like Gecko) Chrome/142.0.0.0 Safari/537.36', '2025-11-22 20:45:42'),
('24', '2', 'VISIT_ADD', 'Added visit for patient ID: ', 'patient_visits', NULL, '175.176.2.255', 'Mozilla/5.0 (Windows NT 10.0; Win64; x64) AppleWebKit/537.36 (KHTML, like Gecko) Chrome/142.0.0.0 Safari/537.36', '2025-11-22 20:52:38'),
('25', '2', 'VISIT_ADD', 'Added visit for patient ID: ', 'patient_visits', NULL, '175.176.2.255', 'Mozilla/5.0 (Windows NT 10.0; Win64; x64) AppleWebKit/537.36 (KHTML, like Gecko) Chrome/142.0.0.0 Safari/537.36', '2025-11-22 21:01:25'),
('26', '2', 'VISIT_ADD', 'Added visit for patient ID: ', 'patient_visits', NULL, '175.176.2.255', 'Mozilla/5.0 (Windows NT 10.0; Win64; x64) AppleWebKit/537.36 (KHTML, like Gecko) Chrome/142.0.0.0 Safari/537.36', '2025-11-22 21:21:38'),
('27', '2', 'VISIT_ADD', 'Added visit for patient ID: ', 'patient_visits', NULL, '175.176.2.255', 'Mozilla/5.0 (Windows NT 10.0; Win64; x64) AppleWebKit/537.36 (KHTML, like Gecko) Chrome/142.0.0.0 Safari/537.36', '2025-11-22 21:33:03'),
('28', '2', 'VISIT_ADD', 'Added visit for patient ID: ', 'patient_visits', NULL, '175.176.2.255', 'Mozilla/5.0 (Windows NT 10.0; Win64; x64) AppleWebKit/537.36 (KHTML, like Gecko) Chrome/142.0.0.0 Safari/537.36', '2025-11-22 21:36:03'),
('29', '2', 'VISIT_ADD', 'Added visit for patient ID: ', 'patient_visits', NULL, '175.176.2.255', 'Mozilla/5.0 (Windows NT 10.0; Win64; x64) AppleWebKit/537.36 (KHTML, like Gecko) Chrome/142.0.0.0 Safari/537.36', '2025-11-22 21:51:38'),
('30', '2', 'VISIT_ADD', 'Added visit for patient ID: ', 'patient_visits', NULL, '175.176.2.255', 'Mozilla/5.0 (Windows NT 10.0; Win64; x64) AppleWebKit/537.36 (KHTML, like Gecko) Chrome/142.0.0.0 Safari/537.36', '2025-11-22 21:54:04'),
('31', '2', 'VISIT_ADD', 'Added visit for patient ID: ', 'patient_visits', NULL, '175.176.2.255', 'Mozilla/5.0 (Windows NT 10.0; Win64; x64) AppleWebKit/537.36 (KHTML, like Gecko) Chrome/142.0.0.0 Safari/537.36', '2025-11-22 22:01:09'),
('32', '2', 'VISIT_ADD', 'Added visit for patient ID: ', 'patient_visits', NULL, '175.176.2.255', 'Mozilla/5.0 (Windows NT 10.0; Win64; x64) AppleWebKit/537.36 (KHTML, like Gecko) Chrome/142.0.0.0 Safari/537.36', '2025-11-22 22:01:47'),
('33', '2', 'VISIT_ADD', 'Added visit for patient ID: ', 'patient_visits', NULL, '175.176.2.255', 'Mozilla/5.0 (Windows NT 10.0; Win64; x64) AppleWebKit/537.36 (KHTML, like Gecko) Chrome/142.0.0.0 Safari/537.36', '2025-11-22 22:03:20'),
('34', '2', 'LOGIN', 'User logged in successfully', NULL, NULL, '175.176.2.255', 'Mozilla/5.0 (Linux; Android 10; K) AppleWebKit/537.36 (KHTML, like Gecko) Chrome/142.0.0.0 Mobile Safari/537.36', '2025-11-22 22:05:54'),
('35', '2', 'VISIT_ADD', 'Added visit for patient ID: ', 'patient_visits', NULL, '175.176.2.255', 'Mozilla/5.0 (Linux; Android 10; K) AppleWebKit/537.36 (KHTML, like Gecko) Chrome/142.0.0.0 Mobile Safari/537.36', '2025-11-22 22:06:06'),
('36', '2', 'VISIT_ADD', 'Added visit for patient ID: ', 'patient_visits', NULL, '175.176.2.255', 'Mozilla/5.0 (Windows NT 10.0; Win64; x64) AppleWebKit/537.36 (KHTML, like Gecko) Chrome/142.0.0.0 Safari/537.36', '2025-11-22 22:08:16'),
('37', '2', 'LOGOUT', 'User logged out successfully', NULL, NULL, '175.176.2.255', 'Mozilla/5.0 (Linux; Android 10; K) AppleWebKit/537.36 (KHTML, like Gecko) Chrome/142.0.0.0 Mobile Safari/537.36', '2025-11-22 22:08:38'),
('38', '2', 'LOGIN', 'User logged in successfully', NULL, NULL, '175.176.2.255', 'Mozilla/5.0 (Linux; Android 10; K) AppleWebKit/537.36 (KHTML, like Gecko) Chrome/142.0.0.0 Mobile Safari/537.36', '2025-11-22 22:09:03'),
('39', '2', 'VISIT_ADD', 'Added visit for patient ID: ', 'patient_visits', NULL, '175.176.2.255', 'Mozilla/5.0 (Linux; Android 10; K) AppleWebKit/537.36 (KHTML, like Gecko) Chrome/142.0.0.0 Mobile Safari/537.36', '2025-11-22 22:09:19'),
('40', '2', 'LOGOUT', 'User logged out successfully', NULL, NULL, '175.176.2.255', 'Mozilla/5.0 (Linux; Android 10; K) AppleWebKit/537.36 (KHTML, like Gecko) Chrome/142.0.0.0 Mobile Safari/537.36', '2025-11-22 22:09:48'),
('41', '2', 'LOGIN', 'User logged in successfully', NULL, NULL, '175.176.2.255', 'Mozilla/5.0 (Linux; Android 14; CPH2773 Build/UP1A.231005.007; wv) AppleWebKit/537.36 (KHTML, like Gecko) Version/4.0 Chrome/142.0.7444.102 Mobile Safari/537.36', '2025-11-22 22:14:38'),
('42', '2', 'VISIT_ADD', 'Added visit for patient ID: ', 'patient_visits', NULL, '175.176.2.255', 'Mozilla/5.0 (Linux; Android 14; CPH2773 Build/UP1A.231005.007; wv) AppleWebKit/537.36 (KHTML, like Gecko) Version/4.0 Chrome/142.0.7444.102 Mobile Safari/537.36', '2025-11-22 22:14:54'),
('43', '2', 'LOGOUT', 'User logged out successfully', NULL, NULL, '175.176.2.255', 'Mozilla/5.0 (Linux; Android 14; CPH2773 Build/UP1A.231005.007; wv) AppleWebKit/537.36 (KHTML, like Gecko) Version/4.0 Chrome/142.0.7444.102 Mobile Safari/537.36', '2025-11-22 22:15:46'),
('44', '2', 'VISIT_ADD', 'Added visit for patient ID: ', 'patient_visits', NULL, '175.176.2.255', 'Mozilla/5.0 (Windows NT 10.0; Win64; x64) AppleWebKit/537.36 (KHTML, like Gecko) Chrome/142.0.0.0 Safari/537.36', '2025-11-22 22:41:23'),
('45', '2', 'VISIT_ADD', 'Added visit for patient ID: ', 'patient_visits', NULL, '175.176.2.255', 'Mozilla/5.0 (Windows NT 10.0; Win64; x64) AppleWebKit/537.36 (KHTML, like Gecko) Chrome/142.0.0.0 Safari/537.36', '2025-11-22 22:58:04'),
('46', '2', 'VISIT_ADD', 'Added visit for patient ID: ', 'patient_visits', NULL, '175.176.2.255', 'Mozilla/5.0 (Windows NT 10.0; Win64; x64) AppleWebKit/537.36 (KHTML, like Gecko) Chrome/142.0.0.0 Safari/537.36', '2025-11-22 22:58:22'),
('47', '2', 'LOGIN', 'User logged in successfully', NULL, NULL, '175.176.2.255', 'Mozilla/5.0 (Linux; Android 14; CPH2773 Build/UP1A.231005.007; wv) AppleWebKit/537.36 (KHTML, like Gecko) Version/4.0 Chrome/142.0.7444.102 Mobile Safari/537.36', '2025-11-22 23:01:41'),
('48', '2', 'LOGIN', 'User logged in successfully', NULL, NULL, '175.176.2.255', 'Mozilla/5.0 (Linux; Android 10; K) AppleWebKit/537.36 (KHTML, like Gecko) Chrome/142.0.0.0 Mobile Safari/537.36', '2025-11-22 23:02:50'),
('49', '2', 'LOGIN', 'User logged in successfully', NULL, NULL, '175.176.2.255', 'Mozilla/5.0 (Linux; Android 10; K) AppleWebKit/537.36 (KHTML, like Gecko) Chrome/142.0.0.0 Mobile Safari/537.36', '2025-11-22 23:06:38'),
('50', '2', 'VISIT_ADD', 'Added visit for patient ID: ', 'patient_visits', NULL, '175.176.2.255', 'Mozilla/5.0 (Linux; Android 10; K) AppleWebKit/537.36 (KHTML, like Gecko) Chrome/142.0.0.0 Mobile Safari/537.36', '2025-11-22 23:06:46'),
('51', '2', 'VISIT_ADD', 'Added visit for patient ID: ', 'patient_visits', NULL, '175.176.2.255', 'Mozilla/5.0 (Windows NT 10.0; Win64; x64) AppleWebKit/537.36 (KHTML, like Gecko) Chrome/142.0.0.0 Safari/537.36', '2025-11-22 23:14:13'),
('52', '2', 'VISIT_ADD', 'Added visit for patient ID: ', 'patient_visits', NULL, '175.176.2.255', 'Mozilla/5.0 (Windows NT 10.0; Win64; x64) AppleWebKit/537.36 (KHTML, like Gecko) Chrome/142.0.0.0 Safari/537.36', '2025-11-22 23:14:24'),
('53', '2', 'VISIT_ADD', 'Added visit for patient ID: ', 'patient_visits', NULL, '175.176.2.255', 'Mozilla/5.0 (Linux; Android 10; K) AppleWebKit/537.36 (KHTML, like Gecko) Chrome/142.0.0.0 Mobile Safari/537.36', '2025-11-22 23:20:33'),
('54', '2', 'VISIT_ADD', 'Added visit for patient ID: ', 'patient_visits', NULL, '175.176.2.255', 'Mozilla/5.0 (Linux; Android 10; K) AppleWebKit/537.36 (KHTML, like Gecko) Chrome/142.0.0.0 Mobile Safari/537.36', '2025-11-22 23:20:36'),
('55', '2', 'LOGOUT', 'User logged out successfully', NULL, NULL, '175.176.2.255', 'Mozilla/5.0 (Linux; Android 10; K) AppleWebKit/537.36 (KHTML, like Gecko) Chrome/142.0.0.0 Mobile Safari/537.36', '2025-11-22 23:21:52'),
('56', '2', 'LOGIN', 'User logged in successfully', NULL, NULL, '175.176.2.255', 'Mozilla/5.0 (Linux; Android 10; K) AppleWebKit/537.36 (KHTML, like Gecko) Chrome/142.0.0.0 Mobile Safari/537.36', '2025-11-22 23:21:56'),
('57', '2', 'VISIT_ADD', 'Added visit for patient ID: ', 'patient_visits', NULL, '175.176.2.255', 'Mozilla/5.0 (Linux; Android 10; K) AppleWebKit/537.36 (KHTML, like Gecko) Chrome/142.0.0.0 Mobile Safari/537.36', '2025-11-22 23:22:01'),
('58', '2', 'LOGOUT', 'User logged out successfully', NULL, NULL, '175.176.2.255', 'Mozilla/5.0 (Linux; Android 10; K) AppleWebKit/537.36 (KHTML, like Gecko) Chrome/142.0.0.0 Mobile Safari/537.36', '2025-11-22 23:22:27'),
('59', '2', 'LOGIN', 'User logged in successfully', NULL, NULL, '175.176.2.255', 'Mozilla/5.0 (Linux; Android 10; K) AppleWebKit/537.36 (KHTML, like Gecko) Chrome/142.0.0.0 Mobile Safari/537.36', '2025-11-22 23:22:34'),
('60', '2', 'LOGOUT', 'User logged out successfully', NULL, NULL, '175.176.2.255', 'Mozilla/5.0 (Linux; Android 10; K) AppleWebKit/537.36 (KHTML, like Gecko) Chrome/142.0.0.0 Mobile Safari/537.36', '2025-11-22 23:23:05'),
('61', '2', 'LOGOUT', 'User logged out successfully', NULL, NULL, '175.176.2.255', 'Mozilla/5.0 (Linux; Android 14; CPH2773 Build/UP1A.231005.007; wv) AppleWebKit/537.36 (KHTML, like Gecko) Version/4.0 Chrome/142.0.7444.102 Mobile Safari/537.36', '2025-11-22 23:23:46'),
('62', '2', 'LOGIN', 'User logged in successfully', NULL, NULL, '175.176.2.255', 'Mozilla/5.0 (Linux; Android 14; CPH2773 Build/UP1A.231005.007; wv) AppleWebKit/537.36 (KHTML, like Gecko) Version/4.0 Chrome/142.0.7444.102 Mobile Safari/537.36', '2025-11-22 23:23:56'),
('63', '2', 'VISIT_ADD', 'Added visit for patient ID: ', 'patient_visits', NULL, '175.176.2.255', 'Mozilla/5.0 (Windows NT 10.0; Win64; x64) AppleWebKit/537.36 (KHTML, like Gecko) Chrome/142.0.0.0 Safari/537.36', '2025-11-22 23:25:18'),
('64', '2', 'LOGOUT', 'User logged out successfully', NULL, NULL, '175.176.2.255', 'Mozilla/5.0 (Linux; Android 10; K) AppleWebKit/537.36 (KHTML, like Gecko) Chrome/142.0.0.0 Mobile Safari/537.36', '2025-11-22 23:28:01'),
('65', '2', 'LOGIN', 'User logged in successfully', NULL, NULL, '175.176.2.255', 'Mozilla/5.0 (Linux; Android 10; K) AppleWebKit/537.36 (KHTML, like Gecko) Chrome/142.0.0.0 Mobile Safari/537.36', '2025-11-22 23:33:08'),
('66', '2', 'VISIT_ADD', 'Added visit for patient ID: ', 'patient_visits', NULL, '175.176.2.255', 'Mozilla/5.0 (Linux; Android 10; K) AppleWebKit/537.36 (KHTML, like Gecko) Chrome/142.0.0.0 Mobile Safari/537.36', '2025-11-22 23:33:34'),
('67', '2', 'BACKUP_CREATE', 'Created database backup: backup_2025-11-23_02-34-29.sql', NULL, NULL, '175.176.2.255', 'Mozilla/5.0 (Linux; Android 10; K) AppleWebKit/537.36 (KHTML, like Gecko) Chrome/142.0.0.0 Mobile Safari/537.36', '2025-11-22 23:34:29'),
('68', '2', 'LOGOUT', 'User logged out successfully', NULL, NULL, '175.176.2.255', 'Mozilla/5.0 (Linux; Android 10; K) AppleWebKit/537.36 (KHTML, like Gecko) Chrome/142.0.0.0 Mobile Safari/537.36', '2025-11-22 23:34:35'),
('69', '2', 'LOGIN', 'User logged in successfully', NULL, NULL, '175.176.2.255', 'Mozilla/5.0 (Linux; Android 14; CPH2773 Build/UP1A.231005.007; wv) AppleWebKit/537.36 (KHTML, like Gecko) Version/4.0 Chrome/142.0.7444.102 Mobile Safari/537.36', '2025-11-22 23:35:38'),
('70', '2', 'VISIT_ADD', 'Added visit for patient ID: ', 'patient_visits', NULL, '175.176.2.255', 'Mozilla/5.0 (Linux; Android 14; CPH2773 Build/UP1A.231005.007; wv) AppleWebKit/537.36 (KHTML, like Gecko) Version/4.0 Chrome/142.0.7444.102 Mobile Safari/537.36', '2025-11-22 23:35:53'),
('71', '2', 'LOGOUT', 'User logged out successfully', NULL, NULL, '175.176.2.255', 'Mozilla/5.0 (Linux; Android 14; CPH2773 Build/UP1A.231005.007; wv) AppleWebKit/537.36 (KHTML, like Gecko) Version/4.0 Chrome/142.0.7444.102 Mobile Safari/537.36', '2025-11-22 23:37:04'),
('72', '2', 'LOGOUT', 'User logged out successfully', NULL, NULL, '175.176.2.255', 'Mozilla/5.0 (Windows NT 10.0; Win64; x64) AppleWebKit/537.36 (KHTML, like Gecko) Chrome/142.0.0.0 Safari/537.36', '2025-11-22 23:39:48'),
('73', '2', 'LOGIN', 'User logged in successfully', NULL, NULL, '175.176.2.255', 'Mozilla/5.0 (Linux; Android 14; CPH2773 Build/UP1A.231005.007; wv) AppleWebKit/537.36 (KHTML, like Gecko) Version/4.0 Chrome/142.0.7444.102 Mobile Safari/537.36', '2025-11-22 23:42:15'),
('74', '2', 'VISIT_ADD', 'Added visit for patient ID: ', 'patient_visits', NULL, '175.176.2.255', 'Mozilla/5.0 (Linux; Android 14; CPH2773 Build/UP1A.231005.007; wv) AppleWebKit/537.36 (KHTML, like Gecko) Version/4.0 Chrome/142.0.7444.102 Mobile Safari/537.36', '2025-11-22 23:42:27'),
('75', '2', 'LOGIN', 'User logged in successfully', NULL, NULL, '175.176.2.255', 'Mozilla/5.0 (Windows NT 10.0; Win64; x64) AppleWebKit/537.36 (KHTML, like Gecko) Chrome/142.0.0.0 Safari/537.36', '2025-11-22 23:43:54'),
('76', '2', 'VISIT_ADD', 'Added visit for patient ID: ', 'patient_visits', NULL, '175.176.2.255', 'Mozilla/5.0 (Windows NT 10.0; Win64; x64) AppleWebKit/537.36 (KHTML, like Gecko) Chrome/142.0.0.0 Safari/537.36', '2025-11-22 23:44:00'),
('77', '2', 'VISIT_ADD', 'Added visit for patient ID: ', 'patient_visits', NULL, '175.176.2.255', 'Mozilla/5.0 (Linux; Android 14; CPH2773 Build/UP1A.231005.007; wv) AppleWebKit/537.36 (KHTML, like Gecko) Version/4.0 Chrome/142.0.7444.102 Mobile Safari/537.36', '2025-11-22 23:58:58'),
('78', '2', 'VISIT_ADD', 'Added visit for patient ID: ', 'patient_visits', NULL, '175.176.2.255', 'Mozilla/5.0 (Linux; Android 14; CPH2773 Build/UP1A.231005.007; wv) AppleWebKit/537.36 (KHTML, like Gecko) Version/4.0 Chrome/142.0.7444.102 Mobile Safari/537.36', '2025-11-23 00:12:05'),
('79', '2', 'VISIT_ADD', 'Added visit for patient ID: ', 'patient_visits', NULL, '175.176.2.255', 'Mozilla/5.0 (Linux; Android 14; CPH2773 Build/UP1A.231005.007; wv) AppleWebKit/537.36 (KHTML, like Gecko) Version/4.0 Chrome/142.0.7444.102 Mobile Safari/537.36', '2025-11-23 00:12:38'),
('80', '2', 'VISIT_ADD', 'Added visit for patient ID: ', 'patient_visits', NULL, '175.176.2.255', 'Mozilla/5.0 (Windows NT 10.0; Win64; x64) AppleWebKit/537.36 (KHTML, like Gecko) Chrome/142.0.0.0 Safari/537.36', '2025-11-23 00:22:54'),
('81', '2', 'VISIT_ADD', 'Added visit for patient ID: ', 'patient_visits', NULL, '175.176.2.255', 'Mozilla/5.0 (Linux; Android 14; CPH2773 Build/UP1A.231005.007; wv) AppleWebKit/537.36 (KHTML, like Gecko) Version/4.0 Chrome/142.0.7444.102 Mobile Safari/537.36', '2025-11-23 00:23:46'),
('82', '2', 'VISIT_ADD', 'Added visit for patient ID: ', 'patient_visits', NULL, '175.176.2.255', 'Mozilla/5.0 (Windows NT 10.0; Win64; x64) AppleWebKit/537.36 (KHTML, like Gecko) Chrome/142.0.0.0 Safari/537.36', '2025-11-23 00:24:15'),
('83', '2', 'VISIT_ADD', 'Added visit for patient ID: ', 'patient_visits', NULL, '175.176.2.255', 'Mozilla/5.0 (Windows NT 10.0; Win64; x64) AppleWebKit/537.36 (KHTML, like Gecko) Chrome/142.0.0.0 Safari/537.36', '2025-11-23 00:44:44'),
('84', '2', 'VISIT_ADD', 'Added visit for patient ID: ', 'patient_visits', NULL, '175.176.2.255', 'Mozilla/5.0 (Linux; Android 14; CPH2773 Build/UP1A.231005.007; wv) AppleWebKit/537.36 (KHTML, like Gecko) Version/4.0 Chrome/142.0.7444.102 Mobile Safari/537.36', '2025-11-23 00:45:30'),
('85', '2', 'LOGOUT', 'User logged out successfully', NULL, NULL, '175.176.2.255', 'Mozilla/5.0 (Windows NT 10.0; Win64; x64) AppleWebKit/537.36 (KHTML, like Gecko) Chrome/142.0.0.0 Safari/537.36', '2025-11-23 02:04:59'),
('86', '2', 'LOGIN', 'User logged in successfully', NULL, NULL, '175.176.2.255', 'Mozilla/5.0 (Windows NT 10.0; Win64; x64) AppleWebKit/537.36 (KHTML, like Gecko) Chrome/142.0.0.0 Safari/537.36', '2025-11-23 02:05:03'),
('87', '2', 'LOGOUT', 'User logged out successfully', NULL, NULL, '175.176.2.255', 'Mozilla/5.0 (Linux; Android 14; CPH2773 Build/UP1A.231005.007; wv) AppleWebKit/537.36 (KHTML, like Gecko) Version/4.0 Chrome/142.0.7444.102 Mobile Safari/537.36', '2025-11-23 02:16:13'),
('88', '2', 'LOGIN', 'User logged in successfully', NULL, NULL, '175.176.2.255', 'Mozilla/5.0 (Linux; Android 14; CPH2773 Build/UP1A.231005.007; wv) AppleWebKit/537.36 (KHTML, like Gecko) Version/4.0 Chrome/142.0.7444.102 Mobile Safari/537.36', '2025-11-23 02:16:49'),
('89', '2', 'LOGOUT', 'User logged out successfully', NULL, NULL, '175.176.2.255', 'Mozilla/5.0 (Linux; Android 14; CPH2773 Build/UP1A.231005.007; wv) AppleWebKit/537.36 (KHTML, like Gecko) Version/4.0 Chrome/142.0.7444.102 Mobile Safari/537.36', '2025-11-23 02:16:52'),
('90', '2', 'LOGIN', 'User logged in successfully', NULL, NULL, '175.176.2.255', 'Mozilla/5.0 (Linux; Android 14; CPH2773 Build/UP1A.231005.007; wv) AppleWebKit/537.36 (KHTML, like Gecko) Version/4.0 Chrome/142.0.7444.102 Mobile Safari/537.36', '2025-11-23 02:16:59'),
('91', '2', 'LOGOUT', 'User logged out successfully', NULL, NULL, '175.176.2.255', 'Mozilla/5.0 (Linux; Android 14; CPH2773 Build/UP1A.231005.007; wv) AppleWebKit/537.36 (KHTML, like Gecko) Version/4.0 Chrome/142.0.7444.102 Mobile Safari/537.36', '2025-11-23 02:19:20'),
('92', '20', 'LOGIN', 'User logged in successfully', NULL, NULL, '175.176.2.255', 'Mozilla/5.0 (Linux; Android 14; CPH2773 Build/UP1A.231005.007; wv) AppleWebKit/537.36 (KHTML, like Gecko) Version/4.0 Chrome/142.0.7444.102 Mobile Safari/537.36', '2025-11-23 02:23:07'),
('93', '20', 'LOGOUT', 'User logged out successfully', NULL, NULL, '175.176.2.255', 'Mozilla/5.0 (Linux; Android 14; CPH2773 Build/UP1A.231005.007; wv) AppleWebKit/537.36 (KHTML, like Gecko) Version/4.0 Chrome/142.0.7444.102 Mobile Safari/537.36', '2025-11-23 02:23:23'),
('94', '2', 'USER_APPROVED', 'Approved user account', 'users', '22', '175.176.2.255', 'Mozilla/5.0 (Windows NT 10.0; Win64; x64) AppleWebKit/537.36 (KHTML, like Gecko) Chrome/142.0.0.0 Safari/537.36', '2025-11-23 02:24:55'),
('95', '22', 'LOGIN', 'User logged in successfully', NULL, NULL, '175.176.2.255', 'Mozilla/5.0 (Linux; Android 14; CPH2773 Build/UP1A.231005.007; wv) AppleWebKit/537.36 (KHTML, like Gecko) Version/4.0 Chrome/142.0.7444.102 Mobile Safari/537.36', '2025-11-23 02:25:07'),
('96', '2', 'LOGOUT', 'User logged out successfully', NULL, NULL, '175.176.2.255', 'Mozilla/5.0 (Windows NT 10.0; Win64; x64) AppleWebKit/537.36 (KHTML, like Gecko) Chrome/142.0.0.0 Safari/537.36', '2025-11-23 02:26:23'),
('97', '22', 'LOGOUT', 'User logged out successfully', NULL, NULL, '175.176.2.255', 'Mozilla/5.0 (Linux; Android 14; CPH2773 Build/UP1A.231005.007; wv) AppleWebKit/537.36 (KHTML, like Gecko) Version/4.0 Chrome/142.0.7444.102 Mobile Safari/537.36', '2025-11-23 02:27:18'),
('98', '2', 'LOGIN', 'User logged in successfully', NULL, NULL, '175.176.2.255', 'Mozilla/5.0 (Linux; Android 14; CPH2773 Build/UP1A.231005.007; wv) AppleWebKit/537.36 (KHTML, like Gecko) Version/4.0 Chrome/142.0.7444.102 Mobile Safari/537.36', '2025-11-23 02:27:32'),
('99', '2', 'LOGOUT', 'User logged out successfully', NULL, NULL, '175.176.2.255', 'Mozilla/5.0 (Linux; Android 14; CPH2773 Build/UP1A.231005.007; wv) AppleWebKit/537.36 (KHTML, like Gecko) Version/4.0 Chrome/142.0.7444.102 Mobile Safari/537.36', '2025-11-23 02:58:08'),
('100', '2', 'LOGIN', 'User logged in successfully', NULL, NULL, '175.176.2.255', 'Mozilla/5.0 (Windows NT 10.0; Win64; x64) AppleWebKit/537.36 (KHTML, like Gecko) Chrome/142.0.0.0 Safari/537.36', '2025-11-23 02:58:32'),
('101', '2', 'FAMILY_RELATIONSHIP_ADDED', 'Added family relationship', 'patient_relationships', '0', '175.176.2.255', 'Mozilla/5.0 (Windows NT 10.0; Win64; x64) AppleWebKit/537.36 (KHTML, like Gecko) Chrome/142.0.0.0 Safari/537.36', '2025-11-23 03:07:46'),
('102', '2', 'FAMILY_RELATIONSHIP_ADDED', 'Added family relationship', 'patient_relationships', '0', '175.176.2.255', 'Mozilla/5.0 (Windows NT 10.0; Win64; x64) AppleWebKit/537.36 (KHTML, like Gecko) Chrome/142.0.0.0 Safari/537.36', '2025-11-23 03:07:56'),
('103', '2', 'LOGIN', 'User logged in successfully', NULL, NULL, '175.176.2.255', 'Mozilla/5.0 (Linux; Android 10; K) AppleWebKit/537.36 (KHTML, like Gecko) Chrome/142.0.0.0 Mobile Safari/537.36', '2025-11-23 03:31:03'),
('104', '2', 'LOGOUT', 'User logged out successfully', NULL, NULL, '175.176.2.255', 'Mozilla/5.0 (Linux; Android 10; K) AppleWebKit/537.36 (KHTML, like Gecko) Chrome/142.0.0.0 Mobile Safari/537.36', '2025-11-23 03:32:16'),
('105', '2', 'LOGIN', 'User logged in successfully', NULL, NULL, '175.176.2.255', 'Mozilla/5.0 (Linux; Android 14; CPH2773 Build/UP1A.231005.007; wv) AppleWebKit/537.36 (KHTML, like Gecko) Version/4.0 Chrome/142.0.7444.102 Mobile Safari/537.36', '2025-11-23 03:42:29'),
('106', '2', 'FAMILY_RELATIONSHIP_ADDED', 'Added Grandparent relationship', 'patient_relationships', '5', '175.176.2.255', 'Mozilla/5.0 (Windows NT 10.0; Win64; x64) AppleWebKit/537.36 (KHTML, like Gecko) Chrome/142.0.0.0 Safari/537.36', '2025-11-23 03:51:01'),
('107', '2', 'FAMILY_RELATIONSHIP_ADDED', 'Added Grandchild relationship', 'patient_relationships', '7', '175.176.2.255', 'Mozilla/5.0 (Linux; Android 14; CPH2773 Build/UP1A.231005.007; wv) AppleWebKit/537.36 (KHTML, like Gecko) Version/4.0 Chrome/142.0.7444.102 Mobile Safari/537.36', '2025-11-23 04:54:58'),
('108', '2', 'FAMILY_RELATIONSHIP_REMOVED', 'Removed family relationship', 'patient_relationships', '3', '175.176.2.255', 'Mozilla/5.0 (Linux; Android 14; CPH2773 Build/UP1A.231005.007; wv) AppleWebKit/537.36 (KHTML, like Gecko) Version/4.0 Chrome/142.0.7444.102 Mobile Safari/537.36', '2025-11-23 04:55:17'),
('109', '2', 'FAMILY_RELATIONSHIP_REMOVED', 'Removed family relationship', 'patient_relationships', '4', '175.176.2.255', 'Mozilla/5.0 (Linux; Android 14; CPH2773 Build/UP1A.231005.007; wv) AppleWebKit/537.36 (KHTML, like Gecko) Version/4.0 Chrome/142.0.7444.102 Mobile Safari/537.36', '2025-11-23 04:55:19'),
('110', '2', 'PATIENT_DELETED', 'Deleted patient and all related records', 'patients', '0', '175.176.2.255', 'Mozilla/5.0 (Linux; Android 14; CPH2773 Build/UP1A.231005.007; wv) AppleWebKit/537.36 (KHTML, like Gecko) Version/4.0 Chrome/142.0.7444.102 Mobile Safari/537.36', '2025-11-23 04:55:41'),
('111', '2', 'PATIENT_ADDED', 'Added new patient', 'patients', '65', '175.176.2.255', 'Mozilla/5.0 (Linux; Android 14; CPH2773 Build/UP1A.231005.007; wv) AppleWebKit/537.36 (KHTML, like Gecko) Version/4.0 Chrome/142.0.7444.102 Mobile Safari/537.36', '2025-11-23 04:57:41'),
('112', '2', 'PATIENT_ADDED', 'Added new patient', 'patients', '2147483647', '175.176.2.255', 'Mozilla/5.0 (Linux; Android 14; CPH2773 Build/UP1A.231005.007; wv) AppleWebKit/537.36 (KHTML, like Gecko) Version/4.0 Chrome/142.0.7444.102 Mobile Safari/537.36', '2025-11-23 04:59:12'),
('113', '2', 'PATIENT_UPDATED', 'Updated patient record', 'patients', '2147483647', '175.176.2.255', 'Mozilla/5.0 (Linux; Android 14; CPH2773 Build/UP1A.231005.007; wv) AppleWebKit/537.36 (KHTML, like Gecko) Version/4.0 Chrome/142.0.7444.102 Mobile Safari/537.36', '2025-11-23 04:59:52'),
('114', '2', 'FAMILY_RELATIONSHIP_ADDED', 'Added Spouse relationship', 'patient_relationships', '9', '175.176.2.255', 'Mozilla/5.0 (Linux; Android 14; CPH2773 Build/UP1A.231005.007; wv) AppleWebKit/537.36 (KHTML, like Gecko) Version/4.0 Chrome/142.0.7444.102 Mobile Safari/537.36', '2025-11-23 05:00:13'),
('115', '2', 'PATIENT_UPDATED', 'Updated patient record', 'patients', '65', '175.176.2.255', 'Mozilla/5.0 (Linux; Android 14; CPH2773 Build/UP1A.231005.007; wv) AppleWebKit/537.36 (KHTML, like Gecko) Version/4.0 Chrome/142.0.7444.102 Mobile Safari/537.36', '2025-11-23 05:00:48'),
('116', '2', 'BATCH_DELETED', 'Deleted inventory batch', 'inventory_batches', '21', '175.176.2.255', 'Mozilla/5.0 (Linux; Android 14; CPH2773 Build/UP1A.231005.007; wv) AppleWebKit/537.36 (KHTML, like Gecko) Version/4.0 Chrome/142.0.7444.102 Mobile Safari/537.36', '2025-11-23 05:01:38'),
('117', '2', 'BATCH_DELETED', 'Deleted inventory batch', 'inventory_batches', '14', '175.176.2.255', 'Mozilla/5.0 (Linux; Android 14; CPH2773 Build/UP1A.231005.007; wv) AppleWebKit/537.36 (KHTML, like Gecko) Version/4.0 Chrome/142.0.7444.102 Mobile Safari/537.36', '2025-11-23 05:01:41'),
('118', '2', 'BATCH_DELETED', 'Deleted inventory batch', 'inventory_batches', '18', '175.176.2.255', 'Mozilla/5.0 (Linux; Android 14; CPH2773 Build/UP1A.231005.007; wv) AppleWebKit/537.36 (KHTML, like Gecko) Version/4.0 Chrome/142.0.7444.102 Mobile Safari/537.36', '2025-11-23 05:01:45'),
('119', '2', 'LOGOUT', 'User logged out successfully', NULL, NULL, '175.176.2.255', 'Mozilla/5.0 (Linux; Android 14; CPH2773 Build/UP1A.231005.007; wv) AppleWebKit/537.36 (KHTML, like Gecko) Version/4.0 Chrome/142.0.7444.102 Mobile Safari/537.36', '2025-11-23 05:01:55'),
('120', '2', 'LOGIN', 'User logged in successfully', NULL, NULL, '175.176.8.161', 'Mozilla/5.0 (Windows NT 10.0; Win64; x64) AppleWebKit/537.36 (KHTML, like Gecko) Chrome/142.0.0.0 Safari/537.36', '2025-11-24 00:24:07'),
('121', '2', 'LOGIN', 'User logged in successfully', NULL, NULL, '175.176.8.161', 'Mozilla/5.0 (Windows NT 10.0; Win64; x64) AppleWebKit/537.36 (KHTML, like Gecko) Chrome/142.0.0.0 Safari/537.36', '2025-11-24 01:42:41'),
('122', '2', 'INVENTORY_ADDED', 'Added new inventory item', 'inventory', '0', '175.176.8.161', 'Mozilla/5.0 (Windows NT 10.0; Win64; x64) AppleWebKit/537.36 (KHTML, like Gecko) Chrome/142.0.0.0 Safari/537.36', '2025-11-24 01:43:29'),
('123', '2', 'BATCH_DELETED', 'Deleted inventory batch', 'inventory_batches', '22', '175.176.8.161', 'Mozilla/5.0 (Windows NT 10.0; Win64; x64) AppleWebKit/537.36 (KHTML, like Gecko) Chrome/142.0.0.0 Safari/537.36', '2025-11-24 02:31:04'),
('124', '2', 'BATCH_ADDED', 'Added new inventory batch', 'inventory_batches', '0', '175.176.8.161', 'Mozilla/5.0 (Windows NT 10.0; Win64; x64) AppleWebKit/537.36 (KHTML, like Gecko) Chrome/142.0.0.0 Safari/537.36', '2025-11-24 02:39:04'),
('125', '2', 'BATCH_DELETED', 'Deleted inventory batch', 'inventory_batches', '20', '175.176.8.161', 'Mozilla/5.0 (Windows NT 10.0; Win64; x64) AppleWebKit/537.36 (KHTML, like Gecko) Chrome/142.0.0.0 Safari/537.36', '2025-11-24 02:39:38'),
('126', '2', 'INVENTORY_ADDED', 'Added new inventory item', 'inventory', '0', '175.176.2.138', 'Mozilla/5.0 (Windows NT 10.0; Win64; x64) AppleWebKit/537.36 (KHTML, like Gecko) Chrome/142.0.0.0 Safari/537.36', '2025-11-24 03:53:15'),
('127', '2', 'BATCH_ADDED', 'Added new inventory batch', 'inventory_batches', '0', '175.176.2.138', 'Mozilla/5.0 (Windows NT 10.0; Win64; x64) AppleWebKit/537.36 (KHTML, like Gecko) Chrome/142.0.0.0 Safari/537.36', '2025-11-24 03:54:57'),
('128', '2', 'INVENTORY_DELETED', 'Deleted inventory item and batches', 'inventory', '3', '175.176.2.138', 'Mozilla/5.0 (Windows NT 10.0; Win64; x64) AppleWebKit/537.36 (KHTML, like Gecko) Chrome/142.0.0.0 Safari/537.36', '2025-11-24 05:48:26'),
('129', '2', 'BATCH_ADDED', 'Added new inventory batch', 'inventory_batches', '0', '175.176.2.138', 'Mozilla/5.0 (Windows NT 10.0; Win64; x64) AppleWebKit/537.36 (KHTML, like Gecko) Chrome/142.0.0.0 Safari/537.36', '2025-11-24 05:48:46'),
('130', '2', 'INVENTORY_DELETED', 'Deleted inventory item and batches', 'inventory', '4', '175.176.2.138', 'Mozilla/5.0 (Windows NT 10.0; Win64; x64) AppleWebKit/537.36 (KHTML, like Gecko) Chrome/142.0.0.0 Safari/537.36', '2025-11-24 05:51:50'),
('131', '2', 'BATCH_DELETED', 'Deleted inventory batch', 'inventory_batches', '24', '175.176.2.138', 'Mozilla/5.0 (Windows NT 10.0; Win64; x64) AppleWebKit/537.36 (KHTML, like Gecko) Chrome/142.0.0.0 Safari/537.36', '2025-11-24 05:54:01'),
('132', '2', 'INVENTORY_ADDED', 'Added new inventory item', 'inventory', '0', '175.176.2.138', 'Mozilla/5.0 (Windows NT 10.0; Win64; x64) AppleWebKit/537.36 (KHTML, like Gecko) Chrome/142.0.0.0 Safari/537.36', '2025-11-24 06:00:41'),
('133', '2', 'INVENTORY_ADDED', 'Added new inventory item', 'inventory', '0', '175.176.2.138', 'Mozilla/5.0 (Windows NT 10.0; Win64; x64) AppleWebKit/537.36 (KHTML, like Gecko) Chrome/142.0.0.0 Safari/537.36', '2025-11-24 06:00:59'),
('134', '2', 'INVENTORY_DELETED', 'Deleted inventory item and batches', 'inventory', '5', '175.176.2.138', 'Mozilla/5.0 (Windows NT 10.0; Win64; x64) AppleWebKit/537.36 (KHTML, like Gecko) Chrome/142.0.0.0 Safari/537.36', '2025-11-24 06:01:29'),
('135', '2', 'INVENTORY_ADDED', 'Added new inventory item', 'inventory', '0', '175.176.2.138', 'Mozilla/5.0 (Windows NT 10.0; Win64; x64) AppleWebKit/537.36 (KHTML, like Gecko) Chrome/142.0.0.0 Safari/537.36', '2025-11-24 06:09:29'),
('136', '2', 'INVENTORY_ADDED', 'Added new inventory item', 'inventory', '0', '175.176.2.138', 'Mozilla/5.0 (Windows NT 10.0; Win64; x64) AppleWebKit/537.36 (KHTML, like Gecko) Chrome/142.0.0.0 Safari/537.36', '2025-11-24 06:32:08'),
('137', '2', 'INVENTORY_ADDED', 'Added new inventory item', 'inventory', '13', '175.176.2.138', 'Mozilla/5.0 (Windows NT 10.0; Win64; x64) AppleWebKit/537.36 (KHTML, like Gecko) Chrome/142.0.0.0 Safari/537.36', '2025-11-24 06:57:41'),
('138', '2', 'BATCH_ADDED', 'Added new inventory batch', 'inventory_batches', '28', '175.176.2.138', 'Mozilla/5.0 (Windows NT 10.0; Win64; x64) AppleWebKit/537.36 (KHTML, like Gecko) Chrome/142.0.0.0 Safari/537.36', '2025-11-24 06:58:24'),
('139', '2', 'INVENTORY_ADDED', 'Added new inventory item', 'inventory', '14', '175.176.2.138', 'Mozilla/5.0 (Windows NT 10.0; Win64; x64) AppleWebKit/537.36 (KHTML, like Gecko) Chrome/142.0.0.0 Safari/537.36', '2025-11-24 07:18:29'),
('140', '2', 'BATCH_ADDED', 'Added new inventory batch', 'inventory_batches', '29', '175.176.2.138', 'Mozilla/5.0 (Windows NT 10.0; Win64; x64) AppleWebKit/537.36 (KHTML, like Gecko) Chrome/142.0.0.0 Safari/537.36', '2025-11-24 07:18:46'),
('141', '2', 'SCHEDULE_DELETED', 'Deleted schedule', 'schedules', '18', '175.176.2.138', 'Mozilla/5.0 (Windows NT 10.0; Win64; x64) AppleWebKit/537.36 (KHTML, like Gecko) Chrome/142.0.0.0 Safari/537.36', '2025-11-24 08:14:03'),
('142', '2', 'SCHEDULE_DELETED', 'Deleted schedule', 'schedules', '8', '175.176.2.138', 'Mozilla/5.0 (Windows NT 10.0; Win64; x64) AppleWebKit/537.36 (KHTML, like Gecko) Chrome/142.0.0.0 Safari/537.36', '2025-11-24 08:14:06'),
('143', '2', 'SCHEDULE_DELETED', 'Deleted schedule', 'schedules', '9', '175.176.2.138', 'Mozilla/5.0 (Windows NT 10.0; Win64; x64) AppleWebKit/537.36 (KHTML, like Gecko) Chrome/142.0.0.0 Safari/537.36', '2025-11-24 08:14:09'),
('144', '2', 'SCHEDULE_DELETED', 'Deleted schedule', 'schedules', '10', '175.176.2.138', 'Mozilla/5.0 (Windows NT 10.0; Win64; x64) AppleWebKit/537.36 (KHTML, like Gecko) Chrome/142.0.0.0 Safari/537.36', '2025-11-24 08:14:12'),
('145', '2', 'LOGIN', 'User logged in successfully', NULL, NULL, '175.176.2.138', 'Mozilla/5.0 (Linux; Android 14; CPH2773 Build/UP1A.231005.007; wv) AppleWebKit/537.36 (KHTML, like Gecko) Version/4.0 Chrome/142.0.7444.102 Mobile Safari/537.36', '2025-11-24 08:21:57'),
('146', '2', 'LOGOUT', 'User logged out successfully', NULL, NULL, '175.176.2.138', 'Mozilla/5.0 (Linux; Android 14; CPH2773 Build/UP1A.231005.007; wv) AppleWebKit/537.36 (KHTML, like Gecko) Version/4.0 Chrome/142.0.7444.102 Mobile Safari/537.36', '2025-11-24 08:22:55'),
('147', '2', 'LOGIN', 'User logged in successfully', NULL, NULL, '175.176.2.138', 'Mozilla/5.0 (Linux; Android 14; CPH2773 Build/UP1A.231005.007; wv) AppleWebKit/537.36 (KHTML, like Gecko) Version/4.0 Chrome/142.0.7444.102 Mobile Safari/537.36', '2025-11-24 08:26:14'),
('148', '2', 'LOGOUT', 'User logged out successfully', NULL, NULL, '175.176.2.138', 'Mozilla/5.0 (Linux; Android 14; CPH2773 Build/UP1A.231005.007; wv) AppleWebKit/537.36 (KHTML, like Gecko) Version/4.0 Chrome/142.0.7444.102 Mobile Safari/537.36', '2025-11-24 08:28:43'),
('149', '22', 'LOGIN', 'User logged in successfully', NULL, NULL, '175.176.2.138', 'Mozilla/5.0 (Linux; Android 14; CPH2773 Build/UP1A.231005.007; wv) AppleWebKit/537.36 (KHTML, like Gecko) Version/4.0 Chrome/142.0.7444.102 Mobile Safari/537.36', '2025-11-24 10:59:34'),
('150', '22', 'LOGOUT', 'User logged out successfully', NULL, NULL, '175.176.2.138', 'Mozilla/5.0 (Linux; Android 14; CPH2773 Build/UP1A.231005.007; wv) AppleWebKit/537.36 (KHTML, like Gecko) Version/4.0 Chrome/142.0.7444.102 Mobile Safari/537.36', '2025-11-24 10:59:59'),
('151', '2', 'LOGIN', 'User logged in successfully', NULL, NULL, '175.176.2.138', 'Mozilla/5.0 (Linux; Android 14; CPH2773 Build/UP1A.231005.007; wv) AppleWebKit/537.36 (KHTML, like Gecko) Version/4.0 Chrome/142.0.7444.102 Mobile Safari/537.36', '2025-11-24 11:00:06'),
('152', '2', 'LOGOUT', 'User logged out successfully', NULL, NULL, '175.176.2.138', 'Mozilla/5.0 (Windows NT 10.0; Win64; x64) AppleWebKit/537.36 (KHTML, like Gecko) Chrome/142.0.0.0 Safari/537.36', '2025-11-24 11:00:42'),
('153', '2', 'LOGIN', 'User logged in successfully', NULL, NULL, '175.176.0.113', 'Mozilla/5.0 (Windows NT 10.0; Win64; x64) AppleWebKit/537.36 (KHTML, like Gecko) Chrome/142.0.0.0 Safari/537.36', '2025-11-24 19:05:27'),
('154', '2', 'LOGOUT', 'User logged out successfully', NULL, NULL, '175.176.0.113', 'Mozilla/5.0 (Linux; Android 14; CPH2773 Build/UP1A.231005.007; wv) AppleWebKit/537.36 (KHTML, like Gecko) Version/4.0 Chrome/142.0.7444.102 Mobile Safari/537.36', '2025-11-24 19:20:23'),
('155', '2', 'LOGIN', 'User logged in successfully', NULL, NULL, '150.228.183.253', 'Mozilla/5.0 (Linux; Android 10; K) AppleWebKit/537.36 (KHTML, like Gecko) Chrome/140.0.0.0 Mobile Safari/537.36', '2025-11-24 21:09:25'),
('156', '2', 'BACKUP_CREATE', 'Created database backup: backup_2025-11-25_00-10-13.sql', NULL, NULL, '150.228.183.253', 'Mozilla/5.0 (Linux; Android 10; K) AppleWebKit/537.36 (KHTML, like Gecko) Chrome/140.0.0.0 Mobile Safari/537.36', '2025-11-24 21:10:13'),
('157', '2', 'LOGOUT', 'User logged out successfully', NULL, NULL, '150.228.183.253', 'Mozilla/5.0 (Linux; Android 10; K) AppleWebKit/537.36 (KHTML, like Gecko) Chrome/140.0.0.0 Mobile Safari/537.36', '2025-11-24 21:10:47'),
('158', '2', 'LOGIN', 'User logged in successfully', NULL, NULL, '150.228.183.253', 'Mozilla/5.0 (Linux; Android 10; K) AppleWebKit/537.36 (KHTML, like Gecko) Chrome/140.0.0.0 Mobile Safari/537.36', '2025-11-24 21:18:52'),
('159', '2', 'LOGOUT', 'User logged out successfully', NULL, NULL, '150.228.183.253', 'Mozilla/5.0 (Linux; Android 10; K) AppleWebKit/537.36 (KHTML, like Gecko) Chrome/140.0.0.0 Mobile Safari/537.36', '2025-11-24 21:20:11'),
('160', '2', 'LOGIN', 'User logged in successfully', NULL, NULL, '150.228.183.253', 'Mozilla/5.0 (Linux; Android 13; CPH2159 Build/TP1A.220905.001; wv) AppleWebKit/537.36 (KHTML, like Gecko) Version/4.0 Chrome/142.0.7444.171 Mobile Safari/537.36 [FB_IAB/FB4A;FBAV/534.0.0.53.103;]', '2025-11-24 23:03:11'),
('161', '2', 'LOGOUT', 'User logged out successfully', NULL, NULL, '175.176.4.27', 'Mozilla/5.0 (Linux; Android 13; CPH2159 Build/TP1A.220905.001; wv) AppleWebKit/537.36 (KHTML, like Gecko) Version/4.0 Chrome/142.0.7444.171 Mobile Safari/537.36 [FB_IAB/FB4A;FBAV/534.0.0.53.103;]', '2025-11-24 23:13:54'),
('162', '20', 'LOGIN', 'User logged in successfully', NULL, NULL, '175.176.4.27', 'Mozilla/5.0 (Linux; Android 13; CPH2159 Build/TP1A.220905.001; wv) AppleWebKit/537.36 (KHTML, like Gecko) Version/4.0 Chrome/142.0.7444.171 Mobile Safari/537.36 [FB_IAB/FB4A;FBAV/534.0.0.53.103;]', '2025-11-24 23:14:17'),
('163', '20', 'LOGOUT', 'User logged out successfully', NULL, NULL, '175.176.4.27', 'Mozilla/5.0 (Linux; Android 13; CPH2159 Build/TP1A.220905.001; wv) AppleWebKit/537.36 (KHTML, like Gecko) Version/4.0 Chrome/142.0.7444.171 Mobile Safari/537.36 [FB_IAB/FB4A;FBAV/534.0.0.53.103;]', '2025-11-24 23:15:20'),
('164', '2', 'LOGIN', 'User logged in successfully', NULL, NULL, '175.176.4.27', 'Mozilla/5.0 (Linux; Android 13; CPH2159 Build/TP1A.220905.001; wv) AppleWebKit/537.36 (KHTML, like Gecko) Version/4.0 Chrome/142.0.7444.171 Mobile Safari/537.36 [FB_IAB/FB4A;FBAV/534.0.0.53.103;]', '2025-11-24 23:15:41'),
('165', '2', 'LOGIN', 'User logged in successfully', NULL, NULL, '175.176.5.36', 'Mozilla/5.0 (Linux; Android 13; CPH2159 Build/TP1A.220905.001; wv) AppleWebKit/537.36 (KHTML, like Gecko) Version/4.0 Chrome/142.0.7444.171 Mobile Safari/537.36 [FB_IAB/FB4A;FBAV/534.0.0.53.103;]', '2025-11-25 05:10:18'),
('166', '22', 'LOGIN', 'User logged in successfully', NULL, NULL, '175.176.2.74', 'Mozilla/5.0 (Linux; Android 14; CPH2773 Build/UP1A.231005.007; wv) AppleWebKit/537.36 (KHTML, like Gecko) Version/4.0 Chrome/142.0.7444.102 Mobile Safari/537.36', '2025-11-25 20:18:51'),
('167', '22', 'LOGOUT', 'User logged out successfully', NULL, NULL, '175.176.2.74', 'Mozilla/5.0 (Linux; Android 14; CPH2773 Build/UP1A.231005.007; wv) AppleWebKit/537.36 (KHTML, like Gecko) Version/4.0 Chrome/142.0.7444.102 Mobile Safari/537.36', '2025-11-25 20:18:58'),
('168', '2', 'LOGIN', 'User logged in successfully', NULL, NULL, '175.176.2.74', 'Mozilla/5.0 (Linux; Android 14; CPH2773 Build/UP1A.231005.007; wv) AppleWebKit/537.36 (KHTML, like Gecko) Version/4.0 Chrome/142.0.7444.102 Mobile Safari/537.36', '2025-11-25 20:19:09'),
('169', '2', 'LOGIN', 'User logged in successfully', NULL, NULL, '143.44.133.109', 'Mozilla/5.0 (Linux; Android 10; K) AppleWebKit/537.36 (KHTML, like Gecko) Chrome/142.0.0.0 Mobile Safari/537.36', '2025-11-25 22:39:01'),
('170', '2', 'LOGOUT', 'User logged out successfully', NULL, NULL, '143.44.133.109', 'Mozilla/5.0 (Linux; Android 10; K) AppleWebKit/537.36 (KHTML, like Gecko) Chrome/142.0.0.0 Mobile Safari/537.36', '2025-11-25 22:41:45'),
('171', '2', 'LOGIN', 'User logged in successfully', NULL, NULL, '175.176.0.61', 'Mozilla/5.0 (Windows NT 10.0; Win64; x64) AppleWebKit/537.36 (KHTML, like Gecko) Chrome/142.0.0.0 Safari/537.36', '2025-11-25 23:43:26'),
('172', '2', 'PATIENT_ADDED', 'Added new patient', 'patients', '7', '175.176.0.61', 'Mozilla/5.0 (Windows NT 10.0; Win64; x64) AppleWebKit/537.36 (KHTML, like Gecko) Chrome/142.0.0.0 Safari/537.36', '2025-11-26 00:27:06'),
('173', '2', 'PATIENT_DELETED', 'Deleted patient and all related records', 'patients', '7', '175.176.0.61', 'Mozilla/5.0 (Windows NT 10.0; Win64; x64) AppleWebKit/537.36 (KHTML, like Gecko) Chrome/142.0.0.0 Safari/537.36', '2025-11-26 00:27:18'),
('174', '2', 'LOGIN', 'User logged in successfully', NULL, NULL, '175.176.0.61', 'Mozilla/5.0 (Linux; Android 16; sdk_gphone64_x86_64 Build/BE2A.250530.026.D1; wv) AppleWebKit/537.36 (KHTML, like Gecko) Version/4.0 Chrome/141.0.7390.122 Mobile Safari/537.36', '2025-11-26 01:10:59'),
('175', '2', 'PATIENT_ADDED', 'Added new patient', 'patients', '38', '175.176.0.61', 'Mozilla/5.0 (Windows NT 10.0; Win64; x64) AppleWebKit/537.36 (KHTML, like Gecko) Chrome/142.0.0.0 Safari/537.36', '2025-11-26 01:29:26'),
('176', '2', 'PATIENT_DELETED', 'Deleted patient and all related records', 'patients', '38', '175.176.0.61', 'Mozilla/5.0 (Windows NT 10.0; Win64; x64) AppleWebKit/537.36 (KHTML, like Gecko) Chrome/142.0.0.0 Safari/537.36', '2025-11-26 01:29:34'),
('177', '2', 'BACKUP_CREATE', 'Created database backup: backup_2025-11-26_04-31-03.sql', NULL, NULL, '175.176.0.61', 'Mozilla/5.0 (Windows NT 10.0; Win64; x64) AppleWebKit/537.36 (KHTML, like Gecko) Chrome/142.0.0.0 Safari/537.36', '2025-11-26 01:31:03'),
('178', '2', 'LOGOUT', 'User logged out successfully', NULL, NULL, '175.176.0.61', 'Mozilla/5.0 (Windows NT 10.0; Win64; x64) AppleWebKit/537.36 (KHTML, like Gecko) Chrome/142.0.0.0 Safari/537.36', '2025-11-26 01:42:30'),
('179', '2', 'LOGIN', 'User logged in successfully', NULL, NULL, '175.176.0.61', 'Mozilla/5.0 (Linux; Android 14; CPH2773 Build/UP1A.231005.007; wv) AppleWebKit/537.36 (KHTML, like Gecko) Version/4.0 Chrome/142.0.7444.102 Mobile Safari/537.36', '2025-11-26 01:46:47'),
('180', '2', 'PATIENT_DELETED', 'Deleted patient and all related records', 'patients', '88888888', '175.176.0.61', 'Mozilla/5.0 (Linux; Android 14; CPH2773 Build/UP1A.231005.007; wv) AppleWebKit/537.36 (KHTML, like Gecko) Version/4.0 Chrome/142.0.7444.102 Mobile Safari/537.36', '2025-11-26 02:36:55'),
('181', '2', 'FAMILY_RELATIONSHIP_ADDED', 'Added Child relationship', 'patient_relationships', '11', '175.176.0.61', 'Mozilla/5.0 (Linux; Android 14; CPH2773 Build/UP1A.231005.007; wv) AppleWebKit/537.36 (KHTML, like Gecko) Version/4.0 Chrome/142.0.7444.102 Mobile Safari/537.36', '2025-11-26 02:39:04'),
('182', '2', 'LOGOUT', 'User logged out successfully', NULL, NULL, '175.176.0.61', 'Mozilla/5.0 (Linux; Android 14; CPH2773 Build/UP1A.231005.007; wv) AppleWebKit/537.36 (KHTML, like Gecko) Version/4.0 Chrome/142.0.7444.102 Mobile Safari/537.36', '2025-11-26 02:46:30'),
('183', '2', 'LOGIN', 'User logged in successfully', NULL, NULL, '143.44.133.109', 'Mozilla/5.0 (Linux; Android 10; K) AppleWebKit/537.36 (KHTML, like Gecko) Chrome/141.0.0.0 Safari/537.36', '2025-11-26 04:07:41'),
('184', '2', 'SCHEDULE_UPDATED', 'Updated schedule', 'schedules', '11', '143.44.133.109', 'Mozilla/5.0 (Linux; Android 10; K) AppleWebKit/537.36 (KHTML, like Gecko) Chrome/141.0.0.0 Safari/537.36', '2025-11-26 04:23:23'),
('185', '2', 'SCHEDULE_DELETED', 'Deleted schedule', 'schedules', '11', '143.44.133.109', 'Mozilla/5.0 (Linux; Android 10; K) AppleWebKit/537.36 (KHTML, like Gecko) Chrome/141.0.0.0 Safari/537.36', '2025-11-26 04:23:28'),
('186', '2', 'SCHEDULE_UPDATED', 'Updated schedule', 'schedules', '12', '143.44.133.109', 'Mozilla/5.0 (Linux; Android 10; K) AppleWebKit/537.36 (KHTML, like Gecko) Chrome/141.0.0.0 Safari/537.36', '2025-11-26 04:23:40'),
('187', '2', 'SCHEDULE_UPDATED', 'Updated schedule', 'schedules', '20', '143.44.133.109', 'Mozilla/5.0 (Linux; Android 10; K) AppleWebKit/537.36 (KHTML, like Gecko) Chrome/141.0.0.0 Safari/537.36', '2025-11-26 04:23:44'),
('188', '2', 'SCHEDULE_DELETED', 'Deleted schedule', 'schedules', '12', '143.44.133.109', 'Mozilla/5.0 (Linux; Android 10; K) AppleWebKit/537.36 (KHTML, like Gecko) Chrome/141.0.0.0 Safari/537.36', '2025-11-26 04:23:48'),
('189', '2', 'SCHEDULE_DELETED', 'Deleted schedule', 'schedules', '20', '143.44.133.109', 'Mozilla/5.0 (Linux; Android 10; K) AppleWebKit/537.36 (KHTML, like Gecko) Chrome/141.0.0.0 Safari/537.36', '2025-11-26 04:23:52'),
('190', '2', 'SCHEDULE_DELETED', 'Deleted schedule', 'schedules', '14', '143.44.133.109', 'Mozilla/5.0 (Linux; Android 10; K) AppleWebKit/537.36 (KHTML, like Gecko) Chrome/141.0.0.0 Safari/537.36', '2025-11-26 04:23:58'),
('191', '2', 'SCHEDULE_DELETED', 'Deleted schedule', 'schedules', '19', '143.44.133.109', 'Mozilla/5.0 (Linux; Android 10; K) AppleWebKit/537.36 (KHTML, like Gecko) Chrome/141.0.0.0 Safari/537.36', '2025-11-26 04:24:01'),
('192', '2', 'LOGOUT', 'User logged out successfully', NULL, NULL, '143.44.133.109', 'Mozilla/5.0 (Linux; Android 10; K) AppleWebKit/537.36 (KHTML, like Gecko) Chrome/141.0.0.0 Safari/537.36', '2025-11-26 04:25:23'),
('193', '20', 'LOGIN', 'User logged in successfully', NULL, NULL, '143.44.133.109', 'Mozilla/5.0 (Linux; Android 10; K) AppleWebKit/537.36 (KHTML, like Gecko) Chrome/141.0.0.0 Safari/537.36', '2025-11-26 04:25:45'),
('194', '20', 'LOGOUT', 'User logged out successfully', NULL, NULL, '143.44.133.109', 'Mozilla/5.0 (Linux; Android 10; K) AppleWebKit/537.36 (KHTML, like Gecko) Chrome/141.0.0.0 Safari/537.36', '2025-11-26 04:26:12'),
('195', '2', 'LOGIN', 'User logged in successfully', NULL, NULL, '143.44.133.109', 'Mozilla/5.0 (Linux; Android 10; K) AppleWebKit/537.36 (KHTML, like Gecko) Chrome/141.0.0.0 Safari/537.36', '2025-11-26 04:26:23'),
('196', '2', 'LOGOUT', 'User logged out successfully', NULL, NULL, '143.44.133.109', 'Mozilla/5.0 (Linux; Android 10; K) AppleWebKit/537.36 (KHTML, like Gecko) Chrome/141.0.0.0 Safari/537.36', '2025-11-26 04:27:11'),
('197', '2', 'LOGIN', 'User logged in successfully', NULL, NULL, '143.44.133.109', 'Mozilla/5.0 (Linux; Android 10; K) AppleWebKit/537.36 (KHTML, like Gecko) Chrome/141.0.0.0 Safari/537.36', '2025-11-26 04:27:16'),
('198', '2', 'LOGOUT', 'User logged out successfully', NULL, NULL, '143.44.133.109', 'Mozilla/5.0 (Linux; Android 10; K) AppleWebKit/537.36 (KHTML, like Gecko) Chrome/141.0.0.0 Safari/537.36', '2025-11-26 05:50:35'),
('199', '2', 'LOGIN', 'User logged in successfully', NULL, NULL, '143.44.133.109', 'Mozilla/5.0 (Linux; Android 10; K) AppleWebKit/537.36 (KHTML, like Gecko) Chrome/141.0.0.0 Safari/537.36', '2025-11-26 05:51:33'),
('200', '2', 'LOGOUT', 'User logged out successfully', NULL, NULL, '143.44.133.109', 'Mozilla/5.0 (Linux; Android 10; K) AppleWebKit/537.36 (KHTML, like Gecko) Chrome/141.0.0.0 Safari/537.36', '2025-11-26 05:52:08'),
('201', '2', 'LOGIN', 'User logged in successfully', NULL, NULL, '143.44.133.109', 'Mozilla/5.0 (Linux; Android 10; K) AppleWebKit/537.36 (KHTML, like Gecko) Chrome/141.0.0.0 Safari/537.36', '2025-11-26 05:52:34'),
('202', '2', 'LOGOUT', 'User logged out successfully', NULL, NULL, '143.44.133.109', 'Mozilla/5.0 (Linux; Android 10; K) AppleWebKit/537.36 (KHTML, like Gecko) Chrome/141.0.0.0 Safari/537.36', '2025-11-26 05:52:55'),
('203', '20', 'LOGIN', 'User logged in successfully', NULL, NULL, '143.44.133.109', 'Mozilla/5.0 (Linux; Android 10; K) AppleWebKit/537.36 (KHTML, like Gecko) Chrome/141.0.0.0 Safari/537.36', '2025-11-26 05:53:11'),
('204', '20', 'LOGOUT', 'User logged out successfully', NULL, NULL, '143.44.133.109', 'Mozilla/5.0 (Linux; Android 10; K) AppleWebKit/537.36 (KHTML, like Gecko) Chrome/141.0.0.0 Safari/537.36', '2025-11-26 05:53:37'),
('205', '2', 'LOGIN', 'User logged in successfully', NULL, NULL, '143.44.133.109', 'Mozilla/5.0 (Linux; Android 10; K) AppleWebKit/537.36 (KHTML, like Gecko) Chrome/141.0.0.0 Safari/537.36', '2025-11-26 05:53:40'),
('206', '2', 'LOGOUT', 'User logged out successfully', NULL, NULL, '143.44.133.109', 'Mozilla/5.0 (Linux; Android 10; K) AppleWebKit/537.36 (KHTML, like Gecko) Chrome/141.0.0.0 Safari/537.36', '2025-11-26 05:54:02'),
('207', '2', 'LOGIN', 'User logged in successfully', NULL, NULL, '143.44.133.109', 'Mozilla/5.0 (Linux; Android 10; K) AppleWebKit/537.36 (KHTML, like Gecko) Chrome/141.0.0.0 Safari/537.36', '2025-11-26 05:54:29'),
('208', '2', 'LOGOUT', 'User logged out successfully', NULL, NULL, '143.44.133.109', 'Mozilla/5.0 (Linux; Android 10; K) AppleWebKit/537.36 (KHTML, like Gecko) Chrome/141.0.0.0 Safari/537.36', '2025-11-26 05:55:10'),
('209', '2', 'LOGIN', 'User logged in successfully', NULL, NULL, '143.44.133.109', 'Mozilla/5.0 (Linux; Android 10; K) AppleWebKit/537.36 (KHTML, like Gecko) Chrome/141.0.0.0 Safari/537.36', '2025-11-26 05:55:27'),
('210', '2', 'LOGOUT', 'User logged out successfully', NULL, NULL, '143.44.133.109', 'Mozilla/5.0 (Linux; Android 10; K) AppleWebKit/537.36 (KHTML, like Gecko) Chrome/141.0.0.0 Safari/537.36', '2025-11-26 05:55:43'),
('211', '22', 'LOGIN', 'User logged in successfully', NULL, NULL, '143.44.133.109', 'Mozilla/5.0 (Linux; Android 10; K) AppleWebKit/537.36 (KHTML, like Gecko) Chrome/141.0.0.0 Safari/537.36', '2025-11-26 05:56:11'),
('212', '22', 'LOGOUT', 'User logged out successfully', NULL, NULL, '143.44.133.109', 'Mozilla/5.0 (Linux; Android 10; K) AppleWebKit/537.36 (KHTML, like Gecko) Chrome/141.0.0.0 Safari/537.36', '2025-11-26 05:58:52'),
('213', '2', 'LOGIN', 'User logged in successfully', NULL, NULL, '143.44.133.109', 'Mozilla/5.0 (Linux; Android 10; K) AppleWebKit/537.36 (KHTML, like Gecko) Chrome/141.0.0.0 Safari/537.36', '2025-11-26 06:00:22'),
('214', '2', 'USER_APPROVED', 'Approved user account', 'users', '23', '143.44.133.109', 'Mozilla/5.0 (Linux; Android 10; K) AppleWebKit/537.36 (KHTML, like Gecko) Chrome/141.0.0.0 Safari/537.36', '2025-11-26 06:01:39'),
('215', '23', 'LOGIN', 'User logged in successfully', NULL, NULL, '143.44.133.109', 'Mozilla/5.0 (Linux; U; Android 13; en-ph; CPH2159 Build/TP1A.220905.001) AppleWebKit/537.36 (KHTML, like Gecko) Chrome/125.0.6422.72 Mobile Safari/537.36 HeyTapBrowser/45.13.3.1', '2025-11-26 06:01:53'),
('216', '23', 'LOGIN', 'User logged in successfully', NULL, NULL, '143.44.133.109', 'Mozilla/5.0 (Linux; U; Android 13; en-ph; CPH2159 Build/TP1A.220905.001) AppleWebKit/537.36 (KHTML, like Gecko) Chrome/125.0.6422.72 Mobile Safari/537.36 HeyTapBrowser/45.13.3.1', '2025-11-26 06:02:17'),
('217', '2', 'LOGOUT', 'User logged out successfully', NULL, NULL, '143.44.133.109', 'Mozilla/5.0 (Linux; Android 10; K) AppleWebKit/537.36 (KHTML, like Gecko) Chrome/141.0.0.0 Safari/537.36', '2025-11-26 06:10:24'),
('218', '2', 'LOGIN', 'User logged in successfully', NULL, NULL, '143.44.133.109', 'Mozilla/5.0 (Linux; Android 10; K) AppleWebKit/537.36 (KHTML, like Gecko) Chrome/141.0.0.0 Safari/537.36', '2025-11-26 06:11:20'),
('219', '2', 'LOGOUT', 'User logged out successfully', NULL, NULL, '143.44.133.109', 'Mozilla/5.0 (Linux; Android 10; K) AppleWebKit/537.36 (KHTML, like Gecko) Chrome/141.0.0.0 Safari/537.36', '2025-11-26 06:15:23'),
('220', '2', 'LOGIN', 'User logged in successfully', NULL, NULL, '143.44.133.109', 'Mozilla/5.0 (Linux; Android 10; K) AppleWebKit/537.36 (KHTML, like Gecko) Chrome/141.0.0.0 Safari/537.36', '2025-11-26 06:21:57'),
('221', '2', 'LOGIN', 'User logged in successfully', NULL, NULL, '143.44.133.109', 'Mozilla/5.0 (Linux; Android 10; K) AppleWebKit/537.36 (KHTML, like Gecko) Chrome/141.0.0.0 Safari/537.36', '2025-11-26 06:21:58'),
('222', '2', 'LOGIN', 'User logged in successfully', NULL, NULL, '143.44.133.109', 'Mozilla/5.0 (Linux; Android 10; K) AppleWebKit/537.36 (KHTML, like Gecko) Chrome/141.0.0.0 Safari/537.36', '2025-11-26 06:22:00'),
('223', '2', 'LOGOUT', 'User logged out successfully', NULL, NULL, '143.44.133.109', 'Mozilla/5.0 (Linux; Android 10; K) AppleWebKit/537.36 (KHTML, like Gecko) Chrome/141.0.0.0 Safari/537.36', '2025-11-26 06:22:20'),
('224', '20', 'LOGIN', 'User logged in successfully', NULL, NULL, '143.44.133.109', 'Mozilla/5.0 (Linux; Android 10; K) AppleWebKit/537.36 (KHTML, like Gecko) Chrome/141.0.0.0 Safari/537.36', '2025-11-26 06:22:28'),
('225', '20', 'LOGOUT', 'User logged out successfully', NULL, NULL, '143.44.133.109', 'Mozilla/5.0 (Linux; Android 10; K) AppleWebKit/537.36 (KHTML, like Gecko) Chrome/141.0.0.0 Safari/537.36', '2025-11-26 06:22:40'),
('226', '2', 'LOGIN', 'User logged in successfully', NULL, NULL, '143.44.133.109', 'Mozilla/5.0 (Linux; Android 10; K) AppleWebKit/537.36 (KHTML, like Gecko) Chrome/141.0.0.0 Safari/537.36', '2025-11-26 06:22:50'),
('227', '2', 'LOGOUT', 'User logged out successfully', NULL, NULL, '143.44.133.109', 'Mozilla/5.0 (Linux; Android 10; K) AppleWebKit/537.36 (KHTML, like Gecko) Chrome/141.0.0.0 Safari/537.36', '2025-11-26 07:22:02'),
('228', '2', 'LOGIN', 'User logged in successfully', NULL, NULL, '143.44.133.109', 'Mozilla/5.0 (Linux; Android 10; K) AppleWebKit/537.36 (KHTML, like Gecko) Chrome/141.0.0.0 Safari/537.36', '2025-11-26 07:23:19'),
('229', '2', 'LOGIN', 'User logged in successfully', NULL, NULL, '143.44.133.109', 'Mozilla/5.0 (Linux; Android 10; K) AppleWebKit/537.36 (KHTML, like Gecko) Chrome/141.0.0.0 Safari/537.36', '2025-11-26 07:23:20'),
('230', '2', 'USER_APPROVED', 'Approved user account', 'users', '24', '143.44.133.109', 'Mozilla/5.0 (Linux; Android 10; K) AppleWebKit/537.36 (KHTML, like Gecko) Chrome/141.0.0.0 Safari/537.36', '2025-11-26 07:23:32'),
('231', '2', 'SCHEDULE_UPDATED', 'Updated schedule', 'schedules', '13', '143.44.133.109', 'Mozilla/5.0 (Linux; Android 10; K) AppleWebKit/537.36 (KHTML, like Gecko) Chrome/141.0.0.0 Safari/537.36', '2025-11-26 08:28:43'),
('232', '2', 'LOGOUT', 'User logged out successfully', NULL, NULL, '143.44.133.109', 'Mozilla/5.0 (Linux; Android 10; K) AppleWebKit/537.36 (KHTML, like Gecko) Chrome/141.0.0.0 Safari/537.36', '2025-11-26 08:30:51'),
('233', '20', 'LOGIN', 'User logged in successfully', NULL, NULL, '143.44.133.109', 'Mozilla/5.0 (Linux; Android 10; K) AppleWebKit/537.36 (KHTML, like Gecko) Chrome/141.0.0.0 Safari/537.36', '2025-11-26 08:30:55'),
('234', '20', 'LOGOUT', 'User logged out successfully', NULL, NULL, '143.44.133.109', 'Mozilla/5.0 (Linux; Android 10; K) AppleWebKit/537.36 (KHTML, like Gecko) Chrome/141.0.0.0 Safari/537.36', '2025-11-26 08:49:03'),
('235', '2', 'LOGIN', 'User logged in successfully', NULL, NULL, '143.44.133.109', 'Mozilla/5.0 (Linux; Android 10; K) AppleWebKit/537.36 (KHTML, like Gecko) Chrome/141.0.0.0 Safari/537.36', '2025-11-26 08:49:07'),
('236', '2', 'LOGIN', 'User logged in successfully', NULL, NULL, '143.44.133.109', 'Mozilla/5.0 (Linux; Android 10; K) AppleWebKit/537.36 (KHTML, like Gecko) Chrome/141.0.0.0 Safari/537.36', '2025-11-26 08:49:08'),
('237', '2', 'LOGOUT', 'User logged out successfully', NULL, NULL, '143.44.133.109', 'Mozilla/5.0 (Linux; Android 10; K) AppleWebKit/537.36 (KHTML, like Gecko) Chrome/141.0.0.0 Safari/537.36', '2025-11-26 08:49:25'),
('238', '20', 'LOGIN', 'User logged in successfully', NULL, NULL, '143.44.133.109', 'Mozilla/5.0 (Linux; Android 10; K) AppleWebKit/537.36 (KHTML, like Gecko) Chrome/141.0.0.0 Safari/537.36', '2025-11-26 08:49:28'),
('239', '20', 'LOGOUT', 'User logged out successfully', NULL, NULL, '143.44.133.109', 'Mozilla/5.0 (Linux; Android 10; K) AppleWebKit/537.36 (KHTML, like Gecko) Chrome/141.0.0.0 Safari/537.36', '2025-11-26 09:12:21'),
('240', '20', 'LOGIN', 'User logged in successfully', NULL, NULL, '143.44.133.109', 'Mozilla/5.0 (Linux; Android 10; K) AppleWebKit/537.36 (KHTML, like Gecko) Chrome/141.0.0.0 Safari/537.36', '2025-11-26 09:15:43'),
('241', '20', 'LOGIN', 'User logged in successfully', NULL, NULL, '143.44.133.109', 'Mozilla/5.0 (Linux; Android 10; K) AppleWebKit/537.36 (KHTML, like Gecko) Chrome/141.0.0.0 Safari/537.36', '2025-11-26 09:15:43'),
('242', '20', 'LOGOUT', 'User logged out successfully', NULL, NULL, '143.44.133.109', 'Mozilla/5.0 (Linux; Android 10; K) AppleWebKit/537.36 (KHTML, like Gecko) Chrome/141.0.0.0 Safari/537.36', '2025-11-26 10:41:13'),
('243', '2', 'LOGIN', 'User logged in successfully', NULL, NULL, '143.44.133.109', 'Mozilla/5.0 (Linux; Android 10; K) AppleWebKit/537.36 (KHTML, like Gecko) Chrome/141.0.0.0 Safari/537.36', '2025-11-26 10:41:18'),
('244', '2', 'LOGOUT', 'User logged out successfully', NULL, NULL, '143.44.133.109', 'Mozilla/5.0 (Linux; Android 10; K) AppleWebKit/537.36 (KHTML, like Gecko) Chrome/141.0.0.0 Safari/537.36', '2025-11-26 10:42:23'),
('245', '20', 'LOGIN', 'User logged in successfully', NULL, NULL, '143.44.133.109', 'Mozilla/5.0 (Linux; Android 10; K) AppleWebKit/537.36 (KHTML, like Gecko) Chrome/141.0.0.0 Safari/537.36', '2025-11-26 10:42:27'),
('246', '20', 'LOGIN', 'User logged in successfully', NULL, NULL, '143.44.133.109', 'Mozilla/5.0 (Linux; Android 10; K) AppleWebKit/537.36 (KHTML, like Gecko) Chrome/141.0.0.0 Safari/537.36', '2025-11-26 10:42:28'),
('247', '20', 'LOGOUT', 'User logged out successfully', NULL, NULL, '143.44.133.109', 'Mozilla/5.0 (Linux; Android 10; K) AppleWebKit/537.36 (KHTML, like Gecko) Chrome/141.0.0.0 Safari/537.36', '2025-11-26 10:45:34'),
('248', '2', 'LOGIN', 'User logged in successfully', NULL, NULL, '143.44.133.109', 'Mozilla/5.0 (Linux; Android 10; K) AppleWebKit/537.36 (KHTML, like Gecko) Chrome/141.0.0.0 Safari/537.36', '2025-11-26 10:45:38'),
('249', '2', 'LOGIN', 'User logged in successfully', NULL, NULL, '143.44.133.109', 'Mozilla/5.0 (Linux; Android 10; K) AppleWebKit/537.36 (KHTML, like Gecko) Chrome/141.0.0.0 Safari/537.36', '2025-11-26 10:45:39'),
('250', '2', 'LOGOUT', 'User logged out successfully', NULL, NULL, '143.44.133.109', 'Mozilla/5.0 (Linux; Android 10; K) AppleWebKit/537.36 (KHTML, like Gecko) Chrome/141.0.0.0 Safari/537.36', '2025-11-26 10:47:57'),
('251', '2', 'LOGIN', 'User logged in successfully', NULL, NULL, '143.44.133.109', 'Mozilla/5.0 (Linux; Android 10; K) AppleWebKit/537.36 (KHTML, like Gecko) Chrome/141.0.0.0 Safari/537.36', '2025-11-26 10:48:41'),
('252', '2', 'LOGIN', 'User logged in successfully', NULL, NULL, '143.44.133.109', 'Mozilla/5.0 (Linux; Android 10; K) AppleWebKit/537.36 (KHTML, like Gecko) Chrome/141.0.0.0 Safari/537.36', '2025-11-26 10:48:41'),
('253', '2', 'USER_REVOKED', 'Revoked user approval', 'users', '1', '143.44.133.109', 'Mozilla/5.0 (Linux; Android 10; K) AppleWebKit/537.36 (KHTML, like Gecko) Chrome/141.0.0.0 Safari/537.36', '2025-11-26 10:49:14'),
('254', '2', 'USER_REVOKED', 'Revoked user approval', 'users', '1', '143.44.133.109', 'Mozilla/5.0 (Linux; Android 10; K) AppleWebKit/537.36 (KHTML, like Gecko) Chrome/141.0.0.0 Safari/537.36', '2025-11-26 10:49:15'),
('255', '2', 'LOGIN', 'User logged in successfully', NULL, NULL, '175.176.1.150', 'Mozilla/5.0 (Linux; Android 16; sdk_gphone64_x86_64 Build/BE2A.250530.026.D1; wv) AppleWebKit/537.36 (KHTML, like Gecko) Version/4.0 Chrome/141.0.7390.122 Mobile Safari/537.36', '2025-11-26 13:53:24'),
('256', '2', 'LOGOUT', 'User logged out successfully', NULL, NULL, '175.176.1.150', 'Mozilla/5.0 (Linux; Android 16; sdk_gphone64_x86_64 Build/BE2A.250530.026.D1; wv) AppleWebKit/537.36 (KHTML, like Gecko) Version/4.0 Chrome/141.0.7390.122 Mobile Safari/537.36', '2025-11-26 16:33:05'),
('257', '2', 'LOGIN', 'User logged in successfully', NULL, NULL, '175.176.1.150', 'Mozilla/5.0 (Linux; Android 16; sdk_gphone64_x86_64 Build/BE2A.250530.026.D1; wv) AppleWebKit/537.36 (KHTML, like Gecko) Version/4.0 Chrome/141.0.7390.122 Mobile Safari/537.36', '2025-11-26 16:33:29'),
('258', '2', 'LOGIN', 'User logged in successfully', NULL, NULL, '175.176.1.63', 'Mozilla/5.0 (Linux; Android 16; sdk_gphone64_x86_64 Build/BE2A.250530.026.D1; wv) AppleWebKit/537.36 (KHTML, like Gecko) Version/4.0 Chrome/141.0.7390.122 Mobile Safari/537.36', '2025-11-27 08:43:36'),
('259', '23', 'LOGIN', 'User logged in successfully', NULL, NULL, '175.176.5.36', 'Mozilla/5.0 (Linux; U; Android 13; en-ph; CPH2159 Build/TP1A.220905.001) AppleWebKit/537.36 (KHTML, like Gecko) Chrome/125.0.6422.72 Mobile Safari/537.36 HeyTapBrowser/45.13.3.1', '2025-11-27 10:12:14'),
('260', '2', 'USER_APPROVED', 'Approved user account', 'users', '25', '175.176.1.63', 'Mozilla/5.0 (Linux; Android 16; sdk_gphone64_x86_64 Build/BE2A.250530.026.D1; wv) AppleWebKit/537.36 (KHTML, like Gecko) Version/4.0 Chrome/141.0.7390.122 Mobile Safari/537.36', '2025-11-27 10:29:45'),
('261', '23', 'LOGIN', 'User logged in successfully', NULL, NULL, '175.176.5.36', 'Mozilla/5.0 (Linux; Android 13; CPH2159 Build/TP1A.220905.001; wv) AppleWebKit/537.36 (KHTML, like Gecko) Version/4.0 Chrome/142.0.7444.171 Mobile Safari/537.36 [FB_IAB/FB4A;FBAV/534.0.0.53.103;]', '2025-11-27 10:30:07'),
('262', '2', 'LOGOUT', 'User logged out successfully', NULL, NULL, '175.176.1.63', 'Mozilla/5.0 (Linux; Android 16; sdk_gphone64_x86_64 Build/BE2A.250530.026.D1; wv) AppleWebKit/537.36 (KHTML, like Gecko) Version/4.0 Chrome/141.0.7390.122 Mobile Safari/537.36', '2025-11-27 13:23:09'),
('263', '2', 'LOGIN', 'User logged in successfully', NULL, NULL, '175.176.1.63', 'Mozilla/5.0 (Linux; Android 16; sdk_gphone64_x86_64 Build/BE2A.250530.026.D1; wv) AppleWebKit/537.36 (KHTML, like Gecko) Version/4.0 Chrome/141.0.7390.122 Mobile Safari/537.36', '2025-11-27 13:25:56'),
('264', '22', 'LOGIN', 'User logged in successfully', NULL, NULL, '175.176.1.63', 'Mozilla/5.0 (Linux; Android 14; CPH2773 Build/UP1A.231005.007; wv) AppleWebKit/537.36 (KHTML, like Gecko) Version/4.0 Chrome/142.0.7444.102 Mobile Safari/537.36', '2025-11-27 13:43:01'),
('265', '2', 'LOGIN', 'User logged in successfully', NULL, NULL, '175.176.1.63', 'Mozilla/5.0 (Windows NT 10.0; Win64; x64) AppleWebKit/537.36 (KHTML, like Gecko) Chrome/142.0.0.0 Safari/537.36', '2025-11-27 14:04:23'),
('266', '2', 'LOGIN', 'User logged in successfully', NULL, NULL, '175.176.2.83', 'Mozilla/5.0 (Linux; Android 10; K) AppleWebKit/537.36 (KHTML, like Gecko) Chrome/140.0.0.0 Mobile Safari/537.36', '2025-11-27 15:42:29'),
('267', '2', 'LOGIN', 'User logged in successfully', NULL, NULL, '175.176.2.83', 'Mozilla/5.0 (Linux; Android 15; 23129RAA4G Build/AQ3A.240829.003; wv) AppleWebKit/537.36 (KHTML, like Gecko) Version/4.0 Chrome/142.0.7444.102 Mobile Safari/537.36', '2025-11-27 17:26:51'),
('268', '2', 'LOGIN', 'User logged in successfully', NULL, NULL, '175.176.2.83', 'Mozilla/5.0 (Linux; Android 14; CPH2773 Build/UP1A.231005.007; wv) AppleWebKit/537.36 (KHTML, like Gecko) Version/4.0 Chrome/142.0.7444.102 Mobile Safari/537.36', '2025-11-27 18:22:54'),
('269', '2', 'LOGOUT', 'User logged out successfully', NULL, NULL, '175.176.2.83', 'Mozilla/5.0 (Linux; Android 14; CPH2773 Build/UP1A.231005.007; wv) AppleWebKit/537.36 (KHTML, like Gecko) Version/4.0 Chrome/142.0.7444.102 Mobile Safari/537.36', '2025-11-27 18:23:10'),
('270', '2', 'LOGIN', 'User logged in successfully', NULL, NULL, '175.176.0.82', 'Mozilla/5.0 (Windows NT 10.0; Win64; x64) AppleWebKit/537.36 (KHTML, like Gecko) Chrome/142.0.0.0 Safari/537.36', '2025-11-27 19:17:22'),
('271', '2', 'PATIENT_UPDATED', 'Updated patient record', 'patients', '91843', '175.176.0.82', 'Mozilla/5.0 (Windows NT 10.0; Win64; x64) AppleWebKit/537.36 (KHTML, like Gecko) Chrome/142.0.0.0 Safari/537.36', '2025-11-27 19:24:34'),
('272', '2', 'FAMILY_RELATIONSHIP_REMOVED', 'Removed family relationship', 'patient_relationships', '11', '175.176.0.82', 'Mozilla/5.0 (Windows NT 10.0; Win64; x64) AppleWebKit/537.36 (KHTML, like Gecko) Chrome/142.0.0.0 Safari/537.36', '2025-11-27 19:25:01'),
('273', '2', 'PATIENT_ADDED', 'Added new patient', 'patients', '14227', '175.176.0.82', 'Mozilla/5.0 (Windows NT 10.0; Win64; x64) AppleWebKit/537.36 (KHTML, like Gecko) Chrome/142.0.0.0 Safari/537.36', '2025-11-27 19:26:58'),
('274', '2', 'FAMILY_RELATIONSHIP_ADDED', 'Added Spouse relationship', 'patient_relationships', '13', '175.176.0.82', 'Mozilla/5.0 (Windows NT 10.0; Win64; x64) AppleWebKit/537.36 (KHTML, like Gecko) Chrome/142.0.0.0 Safari/537.36', '2025-11-27 19:28:11'),
('275', '2', 'SCHEDULE_DELETED', 'Deleted schedule', 'schedules', '13', '175.176.0.82', 'Mozilla/5.0 (Windows NT 10.0; Win64; x64) AppleWebKit/537.36 (KHTML, like Gecko) Chrome/142.0.0.0 Safari/537.36', '2025-11-27 19:30:30'),
('276', '2', 'SCHEDULE_DELETED', 'Deleted schedule', 'schedules', '15', '175.176.0.82', 'Mozilla/5.0 (Windows NT 10.0; Win64; x64) AppleWebKit/537.36 (KHTML, like Gecko) Chrome/142.0.0.0 Safari/537.36', '2025-11-27 19:30:36'),
('277', '2', 'LOGIN', 'User logged in successfully', NULL, NULL, '175.176.0.82', 'Mozilla/5.0 (Linux; Android 10; K) AppleWebKit/537.36 (KHTML, like Gecko) Chrome/142.0.0.0 Mobile Safari/537.36', '2025-11-27 19:33:50'),
('278', '23', 'LOGIN', 'User logged in successfully', NULL, NULL, '175.176.0.82', 'Mozilla/5.0 (Linux; Android 14; CPH2773 Build/UP1A.231005.007; wv) AppleWebKit/537.36 (KHTML, like Gecko) Version/4.0 Chrome/142.0.7444.102 Mobile Safari/537.36', '2025-11-27 19:38:56'),
('279', '23', 'PATIENT_UPDATED', 'Updated patient record', 'patients', '0', '175.176.2.107', 'Mozilla/5.0 (Linux; Android 14; CPH2773 Build/UP1A.231005.007; wv) AppleWebKit/537.36 (KHTML, like Gecko) Version/4.0 Chrome/142.0.7444.102 Mobile Safari/537.36', '2025-11-27 19:49:06'),
('280', '23', 'PATIENT_UPDATED', 'Updated patient record', 'patients', '0', '175.176.2.107', 'Mozilla/5.0 (Linux; Android 14; CPH2773 Build/UP1A.231005.007; wv) AppleWebKit/537.36 (KHTML, like Gecko) Version/4.0 Chrome/142.0.7444.102 Mobile Safari/537.36', '2025-11-27 19:49:49'),
('281', '23', 'PATIENT_DELETED', 'Deleted patient and all related records', 'patients', '0', '175.176.2.107', 'Mozilla/5.0 (Linux; Android 14; CPH2773 Build/UP1A.231005.007; wv) AppleWebKit/537.36 (KHTML, like Gecko) Version/4.0 Chrome/142.0.7444.102 Mobile Safari/537.36', '2025-11-27 19:50:22'),
('282', '2', 'BACKUP_CREATE', 'Created database backup: backup_2025-11-28_01-18-48.sql', NULL, NULL, '175.176.8.30', 'Mozilla/5.0 (Windows NT 10.0; Win64; x64) AppleWebKit/537.36 (KHTML, like Gecko) Chrome/142.0.0.0 Safari/537.36', '2025-11-27 22:18:48'),
('283', '2', 'USER_REVOKED', 'Revoked user approval', 'users', '25', '175.176.8.30', 'Mozilla/5.0 (Windows NT 10.0; Win64; x64) AppleWebKit/537.36 (KHTML, like Gecko) Chrome/142.0.0.0 Safari/537.36', '2025-11-27 22:32:43'),
('284', '2', 'USER_DELETED', 'Deleted user account', 'users', '1', '175.176.8.30', 'Mozilla/5.0 (Windows NT 10.0; Win64; x64) AppleWebKit/537.36 (KHTML, like Gecko) Chrome/142.0.0.0 Safari/537.36', '2025-11-27 22:32:50'),
('285', '2', 'USER_DELETED', 'Deleted user account', 'users', '25', '175.176.8.30', 'Mozilla/5.0 (Windows NT 10.0; Win64; x64) AppleWebKit/537.36 (KHTML, like Gecko) Chrome/142.0.0.0 Safari/537.36', '2025-11-27 22:32:55'),
('286', '23', 'LOGIN', 'User logged in successfully', NULL, NULL, '115.147.16.91', 'Mozilla/5.0 (Linux; Android 13; CPH2159 Build/TP1A.220905.001; wv) AppleWebKit/537.36 (KHTML, like Gecko) Version/4.0 Chrome/142.0.7444.171 Mobile Safari/537.36 [FB_IAB/FB4A;FBAV/534.0.0.53.103;]', '2025-11-27 22:42:23'),
('287', '23', 'LOGOUT', 'User logged out successfully', NULL, NULL, '115.147.16.91', 'Mozilla/5.0 (Linux; Android 13; CPH2159 Build/TP1A.220905.001; wv) AppleWebKit/537.36 (KHTML, like Gecko) Version/4.0 Chrome/142.0.7444.171 Mobile Safari/537.36 [FB_IAB/FB4A;FBAV/534.0.0.53.103;]', '2025-11-27 22:44:56'),
('288', '23', 'LOGIN', 'User logged in successfully', NULL, NULL, '115.147.16.91', 'Mozilla/5.0 (Linux; Android 13; CPH2159 Build/TP1A.220905.001; wv) AppleWebKit/537.36 (KHTML, like Gecko) Version/4.0 Chrome/142.0.7444.171 Mobile Safari/537.36', '2025-11-27 22:46:52');

DROP TABLE IF EXISTS `backup_logs`;
CREATE TABLE `backup_logs` (
  `id` int(11) NOT NULL AUTO_INCREMENT,
  `user_id` int(11) NOT NULL,
  `filename` varchar(255) NOT NULL,
  `file_size` bigint(20) DEFAULT NULL,
  `backup_type` enum('full','partial') DEFAULT 'full',
  `created_at` timestamp NULL DEFAULT current_timestamp(),
  PRIMARY KEY (`id`),
  KEY `user_id` (`user_id`)
) ENGINE=MyISAM DEFAULT CHARSET=latin1 COLLATE=latin1_swedish_ci;

DROP TABLE IF EXISTS `dispensed_medication`;
CREATE TABLE `dispensed_medication` (
  `dispense_id` int(11) NOT NULL AUTO_INCREMENT,
  `visit_id` int(11) NOT NULL,
  `item_id` int(11) NOT NULL,
  `batch_id` int(11) NOT NULL,
  `quantity_dispensed` int(11) NOT NULL,
  `dispensed_at` datetime NOT NULL DEFAULT current_timestamp(),
  `dispensed_by_user_id` int(11) DEFAULT NULL,
  PRIMARY KEY (`dispense_id`),
  KEY `fk_dispense_item` (`item_id`),
  KEY `fk_dispense_batch` (`batch_id`),
  KEY `fk_dispense_user` (`dispensed_by_user_id`),
  KEY `fk_dispense_visit` (`visit_id`),
  CONSTRAINT `fk_dispense_visit` FOREIGN KEY (`visit_id`) REFERENCES `patient_visits` (`visit_id`) ON DELETE CASCADE ON UPDATE CASCADE
) ENGINE=InnoDB DEFAULT CHARSET=utf8mb4 COLLATE=utf8mb4_general_ci;

DROP TABLE IF EXISTS `dosage_forms`;
CREATE TABLE `dosage_forms` (
  `dosage_form_id` int(11) NOT NULL AUTO_INCREMENT,
  `form_name` varchar(50) NOT NULL,
  PRIMARY KEY (`dosage_form_id`),
  UNIQUE KEY `form_name` (`form_name`)
) ENGINE=InnoDB AUTO_INCREMENT=9 DEFAULT CHARSET=utf8mb4 COLLATE=utf8mb4_general_ci;

INSERT INTO `dosage_forms` VALUES ('8', 'Capsule'),
('3', 'Device'),
('7', 'Drops'),
('6', 'Sachet'),
('5', 'Syrup'),
('1', 'Tablet');

DROP TABLE IF EXISTS `family_medical_history`;
CREATE TABLE `family_medical_history` (
  `history_id` int(11) NOT NULL AUTO_INCREMENT,
  `patient_id` varchar(36) NOT NULL,
  `condition_name` varchar(255) NOT NULL,
  `relationship_type` enum('Parent','Child','Sibling','Grandparent','Other') NOT NULL,
  `notes` text DEFAULT NULL,
  `diagnosed_age` int(11) DEFAULT NULL,
  `created_at` timestamp NULL DEFAULT current_timestamp(),
  PRIMARY KEY (`history_id`),
  KEY `patient_id` (`patient_id`)
) ENGINE=MyISAM DEFAULT CHARSET=latin1 COLLATE=latin1_swedish_ci;

DROP TABLE IF EXISTS `inventory`;
CREATE TABLE `inventory` (
  `item_id` int(11) NOT NULL AUTO_INCREMENT,
  `item_name` varchar(150) NOT NULL,
  `description` text DEFAULT NULL,
  `category_id` int(11) NOT NULL,
  `dosage_form_id` int(11) DEFAULT NULL,
  `unit_of_issue` varchar(20) DEFAULT 'pc',
  `reorder_point` int(11) NOT NULL DEFAULT 20,
  `last_updated` datetime NOT NULL DEFAULT current_timestamp() ON UPDATE current_timestamp(),
  PRIMARY KEY (`item_id`),
  KEY `fk_category` (`category_id`),
  KEY `fk_dosage_form` (`dosage_form_id`)
) ENGINE=InnoDB AUTO_INCREMENT=15 DEFAULT CHARSET=utf8mb4 COLLATE=utf8mb4_general_ci;

INSERT INTO `inventory` VALUES ('6', 'pogi', 'masarap', '1', '8', '07222005', '20', '2025-11-18 23:29:11'),
('14', 'Combined Oral Contraceptive (COC) Pill', '123', '1', '6', 'ww', '20', '2025-11-24 07:18:29');

DROP TABLE IF EXISTS `inventory_batches`;
CREATE TABLE `inventory_batches` (
  `batch_id` int(11) NOT NULL AUTO_INCREMENT,
  `item_id` int(11) NOT NULL,
  `batch_number` varchar(50) DEFAULT NULL,
  `quantity_in_batch` int(11) NOT NULL,
  `current_stock` int(11) NOT NULL,
  `expiration_date` date NOT NULL,
  `date_restocked` datetime NOT NULL DEFAULT current_timestamp(),
  `restocked_by_user_id` int(11) DEFAULT NULL,
  PRIMARY KEY (`batch_id`),
  KEY `fk_batch_item` (`item_id`),
  KEY `fk_batch_restocker` (`restocked_by_user_id`),
  CONSTRAINT `fk_batch_restocker` FOREIGN KEY (`restocked_by_user_id`) REFERENCES `users` (`id`) ON DELETE SET NULL ON UPDATE CASCADE
) ENGINE=InnoDB AUTO_INCREMENT=30 DEFAULT CHARSET=utf8mb4 COLLATE=utf8mb4_general_ci;

INSERT INTO `inventory_batches` VALUES ('1', '2', '1', '11', '11', '2222-02-22', '2025-10-29 23:09:17', '2'),
('13', '2', '122', '1234567890', '1234567890', '2222-02-22', '2025-11-02 22:42:52', '2'),
('23', '5', '123', '1', '1', '2026-11-18', '2025-11-17 23:26:11', '2'),
('29', '14', 'asdfghjkl', '78', '78', '2026-11-24', '2025-11-24 07:18:46', '2');

DROP TABLE IF EXISTS `item_categories`;
CREATE TABLE `item_categories` (
  `category_id` int(11) NOT NULL AUTO_INCREMENT,
  `category_name` varchar(50) NOT NULL,
  PRIMARY KEY (`category_id`),
  UNIQUE KEY `category_name` (`category_name`)
) ENGINE=InnoDB AUTO_INCREMENT=8 DEFAULT CHARSET=utf8mb4 COLLATE=utf8mb4_general_ci;

INSERT INTO `item_categories` VALUES ('1', 'General Medicine');

DROP TABLE IF EXISTS `patient_relationships`;
CREATE TABLE `patient_relationships` (
  `relationship_id` int(11) NOT NULL AUTO_INCREMENT,
  `patient_id` varchar(36) NOT NULL,
  `related_patient_id` varchar(36) NOT NULL,
  `relationship_type` enum('Parent','Child','Spouse','Sibling','Grandparent','Grandchild','Other') NOT NULL,
  `created_at` timestamp NULL DEFAULT current_timestamp(),
  `is_reciprocal_created` tinyint(1) DEFAULT 0,
  `original_relationship_id` int(11) DEFAULT NULL,
  PRIMARY KEY (`relationship_id`),
  UNIQUE KEY `unique_relationship` (`patient_id`,`related_patient_id`,`relationship_type`),
  KEY `related_patient_id` (`related_patient_id`),
  KEY `idx_reciprocal` (`original_relationship_id`,`is_reciprocal_created`)
) ENGINE=MyISAM AUTO_INCREMENT=15 DEFAULT CHARSET=latin1 COLLATE=latin1_swedish_ci;

INSERT INTO `patient_relationships` VALUES ('9', '0794e818-4aa3-8e54-354d-23928279c088', '65df27c9-4875-9d6b-571e-546bc4a95448', 'Spouse', '2025-11-23 05:00:13', '0', NULL),
('2', 'bd16ec8a-47df-9457-1ff2-5a0e8d7d00fb', '33333333-3333-3333-3333-333333333333', 'Sibling', '2025-11-20 00:55:24', '0', NULL),
('10', '65df27c9-4875-9d6b-571e-546bc4a95448', '0794e818-4aa3-8e54-354d-23928279c088', 'Spouse', '2025-11-23 05:00:13', '0', NULL),
('13', '014227cc-4e45-83dd-32bf-9dab8599f1ae', '91843ba8-454e-92e0-cc15-161aac94d664', 'Spouse', '2025-11-27 19:28:11', '0', NULL),
('14', '91843ba8-454e-92e0-cc15-161aac94d664', '014227cc-4e45-83dd-32bf-9dab8599f1ae', 'Spouse', '2025-11-27 19:28:11', '0', NULL),
('7', '77777777-7777-7777-7777-777777777777', 'a6e33eb7-4516-a3de-8df0-7369b2040619', 'Grandchild', '2025-11-23 04:54:58', '0', NULL),
('8', 'a6e33eb7-4516-a3de-8df0-7369b2040619', '77777777-7777-7777-7777-777777777777', 'Grandparent', '2025-11-23 04:54:58', '0', NULL);

DROP TABLE IF EXISTS `patient_visits`;
CREATE TABLE `patient_visits` (
  `visit_id` int(11) NOT NULL AUTO_INCREMENT,
  `patient_id` varchar(36) NOT NULL,
  `visit_date` date NOT NULL,
  `chief_complaint` varchar(255) DEFAULT NULL,
  `blood_pressure` varchar(50) DEFAULT NULL,
  `heart_rate` varchar(50) DEFAULT NULL,
  `temperature` varchar(50) DEFAULT NULL,
  `clinical_notes` text DEFAULT NULL,
  `procedures_done` text DEFAULT NULL,
  `attended_by_user_id` int(11) DEFAULT NULL,
  `created_at` timestamp NOT NULL DEFAULT current_timestamp(),
  PRIMARY KEY (`visit_id`),
  KEY `fk_visit_attended_by` (`attended_by_user_id`),
  KEY `fk_visit_patient` (`patient_id`),
  KEY `idx_visit_date` (`visit_date`),
  CONSTRAINT `fk_visit_attended_by` FOREIGN KEY (`attended_by_user_id`) REFERENCES `users` (`id`) ON DELETE SET NULL ON UPDATE CASCADE,
  CONSTRAINT `fk_visit_patient` FOREIGN KEY (`patient_id`) REFERENCES `patients` (`id`) ON DELETE CASCADE ON UPDATE CASCADE
) ENGINE=InnoDB AUTO_INCREMENT=15 DEFAULT CHARSET=utf8mb4 COLLATE=utf8mb4_general_ci;

INSERT INTO `patient_visits` VALUES ('3', '91843ba8-454e-92e0-cc15-161aac94d664', '2025-11-16', 'PREGANTN', '1212', '12', '12', 'DFGHJ', 'FGHJ', NULL, '2025-11-16 00:00:39'),
('4', 'a6e33eb7-4516-a3de-8df0-7369b2040619', '2025-11-16', 'BUNTES', '1234', '123', '123', '234', '234', NULL, '2025-11-16 00:03:07'),
('5', 'a6e33eb7-4516-a3de-8df0-7369b2040619', '2025-11-17', 'HPN', '105/72', '75', '', '', '', NULL, '2025-11-17 19:46:55'),
('6', 'bd16ec8a-47df-9457-1ff2-5a0e8d7d00fb', '2025-11-17', 'BUNTES', '97/69', '72', '32.8', 'asdfghj', 'BP', NULL, '2025-11-17 20:03:18'),
('7', '91843ba8-454e-92e0-cc15-161aac94d664', '2025-11-18', 'Animal Bite', '', '', '', '', '', NULL, '2025-11-17 23:18:08'),
('8', 'a6e33eb7-4516-a3de-8df0-7369b2040619', '2025-11-19', '3', '', '', '', '', '', NULL, '2025-11-19 00:28:33'),
('10', '91843ba8-454e-92e0-cc15-161aac94d664', '2025-11-19', 'tinatai', '', '', '', '', '', NULL, '2025-11-19 01:11:24'),
('13', '91843ba8-454e-92e0-cc15-161aac94d664', '2025-11-21', 'TINATAE', '199/79', '75', '17', 'SDFGHJK', 'SDFGHJK', NULL, '2025-11-21 16:08:31');

DROP TABLE IF EXISTS `patients`;
CREATE TABLE `patients` (
  `id` varchar(36) NOT NULL,
  `patient_code` varchar(50) NOT NULL,
  `fullName` varchar(255) NOT NULL,
  `age` int(3) NOT NULL,
  `birthDate` date DEFAULT NULL,
  `philhealth_id` varchar(20) DEFAULT NULL,
  `local_patient_id` varchar(50) DEFAULT NULL,
  `contactNumber` varchar(20) DEFAULT NULL,
  `location` varchar(100) DEFAULT NULL,
  `lastCheckup` date DEFAULT NULL,
  `warning` varchar(255) DEFAULT NULL,
  `bloodPressure` varchar(20) DEFAULT NULL,
  `heartRate` varchar(20) DEFAULT NULL,
  `respiratoryRate` varchar(20) DEFAULT NULL,
  `temperature` varchar(20) DEFAULT NULL,
  `clinicalNotes` text DEFAULT NULL,
  `isCritical` tinyint(1) NOT NULL DEFAULT 0,
  `isPregnant` tinyint(1) NOT NULL DEFAULT 0,
  `isElderly` tinyint(1) NOT NULL DEFAULT 0,
  `isWarningFlag` tinyint(1) NOT NULL DEFAULT 0,
  `isStable` tinyint(1) NOT NULL DEFAULT 1,
  `registered_by_user_id` int(11) DEFAULT NULL,
  `weight` varchar(20) DEFAULT NULL,
  `height` varchar(20) DEFAULT NULL,
  `title` varchar(100) DEFAULT NULL,
  `description` text DEFAULT NULL,
  `otherInfo` text DEFAULT NULL,
  `time` time DEFAULT NULL,
  `normalRanges` text DEFAULT NULL,
  `hasHighBP` tinyint(1) NOT NULL DEFAULT 0,
  `needsMedication` tinyint(1) NOT NULL DEFAULT 0,
  `needsAppointment` tinyint(1) NOT NULL DEFAULT 0,
  PRIMARY KEY (`id`),
  UNIQUE KEY `unique_patient_code` (`patient_code`),
  KEY `fk_patient_registered_by` (`registered_by_user_id`),
  CONSTRAINT `fk_patient_registered_by` FOREIGN KEY (`registered_by_user_id`) REFERENCES `users` (`id`) ON DELETE SET NULL ON UPDATE CASCADE
) ENGINE=InnoDB DEFAULT CHARSET=utf8mb4 COLLATE=utf8mb4_general_ci;

INSERT INTO `patients` VALUES ('014227cc-4e45-83dd-32bf-9dab8599f1ae', 'TEMP-249f72b2-46fc-a5ad-3f23-f33206cd9b5f', 'RHANZEL RIVERA', '22', NULL, NULL, NULL, NULL, 'DINALUNGAN', '2025-11-27', NULL, NULL, NULL, NULL, NULL, NULL, '0', '0', '0', '0', '1', '2', NULL, NULL, NULL, NULL, NULL, NULL, NULL, '0', '0', '0'),
('0794e818-4aa3-8e54-354d-23928279c088', 'TEMP-6825ae5f-4b30-b3cc-be46-e048da11bcc4', 'LEE LEO', '23', NULL, NULL, NULL, '09184687699', 'Seoul, Korea', '2025-11-23', '', '', '', NULL, '', '', '0', '0', '0', '0', '1', '2', '', '', '', '', '', NULL, NULL, '0', '0', '0'),
('11111111-1111-1111-1111-111111111111', 'P-2024-001', 'MARIA SANTOS', '68', '1956-03-15', '123456789012', 'LP-001', '09171234567', 'Zone 2, Zabali, Baler', '2024-11-18', 'High blood pressure, diabetic', '180/110', '95', '22', '37.8', 'Patient presented with severe headache and blurred vision. BP critically high.', '1', '0', '1', '1', '0', NULL, '68', '155', 'Hypertensive Crisis', 'Emergency case, referred to hospital', 'Allergic to penicillin', '08:30:00', 'BP: 120/80, HR: 60-100', '1', '1', '1'),
('22222222-2222-2222-2222-222222222222', 'P-2024-002', 'JUVY REYES', '25', '1999-08-22', NULL, 'LP-002', '09178889999', 'Purok 3, Zabali, Baler', '2024-11-19', '2nd trimester, high risk', '110/70', '82', '20', '36.9', 'Regular prenatal checkup. Fetal heartbeat normal.', '0', '1', '0', '0', '1', '2', '65', '158', 'Prenatal Checkup', '2nd trimester, 24 weeks pregnant', 'First pregnancy', '09:15:00', 'BP: 110/70, Temp: 36.5-37.5', '0', '1', '1'),
('33333333-3333-3333-3333-333333333333', 'P-2024-003', 'PEDRO CRUZ', '75', '1949-12-10', '987654321098', 'LP-003', '09223334455', 'Sitio Dikapinisan, Zabali', '2024-11-17', 'Arthritis, mild dementia', '140/90', '78', '18', '36.7', 'Complains of joint pain. Memory lapses observed.', '0', '0', '1', '1', '1', NULL, '62', '165', 'Geriatric Checkup', 'Routine monitoring for chronic conditions', 'Lives alone, needs caregiver', '10:00:00', 'BP: 140/90 max', '1', '1', '0'),
('44444444-4444-4444-4444-444444444444', 'P-2024-004', 'JUAN DELA CRUZ', '35', '1989-06-25', NULL, 'LP-004', '09155556666', 'Purok 5, Zabali, Baler', '2024-11-19', 'None', '120/80', '72', '16', '36.5', 'Annual physical exam. All parameters within normal range.', '0', '0', '0', '0', '1', '2', '75', '170', 'Annual Physical', 'Routine health checkup', 'Non-smoker, occasional drinker', '11:20:00', 'All within normal limits', '0', '0', '0'),
('55555555-5555-5555-5555-555555555555', 'P-2024-005', 'SUSAN TAN', '42', '1982-11-30', '555666777888', 'LP-005', '09334445566', 'Zone 1, Zabali, Baler', '2024-11-18', 'Asthma, allergic rhinitis', '130/85', '88', '24', '37.1', 'Asthma exacerbation due to weather changes.', '0', '0', '0', '1', '1', NULL, '58', '160', 'Asthma Follow-up', 'Medication refill and monitoring', 'Allergic to dust and pollen', '13:45:00', 'RR: 12-20, Temp: 36.5-37.2', '0', '1', '1'),
('65df27c9-4875-9d6b-571e-546bc4a95448', 'TEMP-8faf9221-4c87-b884-2176-403eb339ef15', 'LEE SANGWON', '22', NULL, NULL, NULL, '', 'Seoul, Korea', '2025-11-23', '', '', '', NULL, '', '', '0', '0', '0', '0', '1', '2', '', '', '', '', '', NULL, NULL, '0', '0', '0'),
('66666666-6666-6666-6666-666666666666', 'P-2024-006', 'MIGUEL GARCIA', '8', '2016-02-14', NULL, 'LP-006', '09447778899', 'Purok 4, Zabali, Baler', '2024-11-19', 'Childhood immunization', '100/65', '92', '28', '37.3', 'Routine immunization and growth monitoring.', '0', '0', '0', '0', '1', '2', '25', '125', 'Child Immunization', 'DTaP and MMR vaccines', 'Complete immunization record', '14:30:00', 'Age-appropriate vitals', '0', '0', '1'),
('77777777-7777-7777-7777-777777777777', 'P-2024-007', 'ROBERT LIM', '50', '1974-09-18', '444333222111', 'LP-007', '09123456789', 'Sitio Dimanpuro, Zabali', '2024-11-16', 'Pre-diabetic, overweight', '150/95', '85', '19', '37.0', 'Borderline diabetes, advised lifestyle changes.', '0', '0', '0', '1', '1', NULL, '85', '168', 'Diabetes Screening', 'Pre-diabetic condition monitoring', 'Family history of diabetes', '15:10:00', 'BP: <140/90, FBS: <100', '1', '0', '1'),
('91843ba8-454e-92e0-cc15-161aac94d664', 'TEMP-91843ba8-454e-92e0-cc15-161aac94d664', 'AUBREY NICOLEI CONCEPCION', '22', '0004-03-12', NULL, NULL, '09618491990', 'PALEG, DINALUNGAN', '2025-11-21', '1', '199/79', '75', NULL, '36.5', '1', '0', '0', '0', '0', '0', '2', '79', '159', 'UNHEALED FOOT FRACTURE', 'MASAKIT ANG KANYANG PAA', '1', '11:11:00', '1234', '0', '1', '0'),
('99999999-9999-9999-9999-999999999999', 'P-2024-009', 'TERESITA GONZALES', '72', '1952-07-20', '777888999000', 'LP-009', '09167778888', 'Purok 2, Zabali, Baler', '2024-11-17', 'Hypertension, arthritis, vision problems', '160/100', '90', '20', '37.2', 'Multiple chronic conditions management.', '1', '0', '1', '1', '0', NULL, '60', '152', 'Chronic Care', 'Management of multiple conditions', 'Difficulty walking, poor vision', '08:45:00', 'BP: <140/90, HR: 60-100', '1', '1', '1'),
('a6e33eb7-4516-a3de-8df0-7369b2040619', 'TEMP-a6e33eb7-4516-a3de-8df0-7369b2040619', 'JOHN WISSAM FAJARDO', '22', '0001-01-11', NULL, NULL, '09618456739', 'SABANG, BALER', '2025-11-19', '1', '127/98', '86', NULL, '35', '1', '0', '0', '0', '0', '1', '2', '51', '158', 'ANAEMIC ', '1', '1', '11:01:00', '0', '0', '0', '0'),
('aaaaaaaa-aaaa-aaaa-aaaa-aaaaaaaaaaaa', 'P-2024-010', 'CARLOS RAMOS', '22', '2002-12-03', NULL, 'LP-010', '09339998877', 'Sitio Diome, Zabali', '2024-11-19', 'None', '118/76', '70', '16', '36.4', 'Sports physical for employment.', '0', '0', '0', '0', '1', '2', '68', '175', 'Employment Physical', 'Pre-employment medical exam', 'Athlete, non-smoker', '10:30:00', 'All within normal range', '0', '0', '0'),
('bd16ec8a-47df-9457-1ff2-5a0e8d7d00fb', 'TEMP-bd16ec8a-47df-9457-1ff2-5a0e8d7d00fb', 'RESUENO, JORDAN SARENAS ', '21', '2004-08-26', NULL, NULL, '09618491990', 'BARANGAY DITUMABO SAN LUIS, AURORA', '2025-11-17', 'N/A', '97/69', '72', NULL, '32.8', 'asdfghj', '0', '0', '0', '0', '1', '2', '72', '169', 'BUNTES', 'NORMAL', 'N/A', '11:59:00', '0', '0', '0', '0'),
('e810c260-4f49-80ea-4070-b3dabf0f1609', 'TEMP-e810c260-4f49-80ea-4070-b3dabf0f1609', 'VEEJAY FLORES', '65', '1111-11-11', NULL, NULL, '091092', 'bsosisio', '2025-11-17', 'dfgh', '090', '222', NULL, '222', 'werth', '0', '1', '0', '0', '0', '20', '22', '22', 'wert', 'erty', 'sdfgh', '11:11:00', '0', '0', '0', '0');

DROP TABLE IF EXISTS `schedules`;
CREATE TABLE `schedules` (
  `schedule_id` int(11) NOT NULL AUTO_INCREMENT,
  `schedule_date` date NOT NULL,
  `schedule_time` time DEFAULT NULL,
  `title` varchar(255) NOT NULL,
  `description` text DEFAULT NULL,
  `patient_id` varchar(50) DEFAULT NULL COMMENT 'Can be null if it is a general event (e.g., vaccine drive)',
  `schedule_type` enum('Appointment','Outreach','Meeting','General') NOT NULL DEFAULT 'Appointment',
  `status` enum('Pending','Completed','Cancelled') NOT NULL DEFAULT 'Pending',
  `created_at` timestamp NOT NULL DEFAULT current_timestamp(),
  `created_by_user_id` int(11) DEFAULT NULL,
  PRIMARY KEY (`schedule_id`),
  KEY `fk_schedule_patient` (`patient_id`),
  KEY `fk_schedule_creator` (`created_by_user_id`),
  CONSTRAINT `fk_schedule_creator` FOREIGN KEY (`created_by_user_id`) REFERENCES `users` (`id`) ON DELETE SET NULL ON UPDATE CASCADE
) ENGINE=InnoDB AUTO_INCREMENT=22 DEFAULT CHARSET=utf8mb4 COLLATE=utf8mb4_general_ci;

INSERT INTO `schedules` VALUES ('16', '2025-11-26', '09:10:00', 'JOHN WISSAM FAJARDO', 'kailngan ng gamot', NULL, '', 'Pending', '2025-11-19 03:05:04', NULL),
('17', '2025-11-26', '09:10:00', 'JOHN WISSAM FAJARDO', 'kailngan ng gamot', NULL, '', 'Pending', '2025-11-19 03:05:05', NULL);

DROP TABLE IF EXISTS `users`;
CREATE TABLE `users` (
  `id` int(11) NOT NULL AUTO_INCREMENT,
  `first_name` varchar(50) NOT NULL,
  `last_name` varchar(50) NOT NULL,
  `email` varchar(100) NOT NULL,
  `password` varchar(255) NOT NULL,
  `is_bns` tinyint(1) NOT NULL DEFAULT 0,
  `is_bhw` tinyint(1) NOT NULL DEFAULT 0,
  `is_midwife` tinyint(1) NOT NULL DEFAULT 0,
  `fullName` varchar(150) DEFAULT NULL,
  `is_admin` tinyint(1) NOT NULL DEFAULT 0,
  `approved_by_admin` tinyint(1) DEFAULT NULL,
  `created_at` timestamp NOT NULL DEFAULT current_timestamp(),
  PRIMARY KEY (`id`),
  UNIQUE KEY `email` (`email`)
) ENGINE=InnoDB AUTO_INCREMENT=26 DEFAULT CHARSET=utf8mb4 COLLATE=utf8mb4_general_ci;

INSERT INTO `users` VALUES ('2', 'Royal', 'Orange', 'a@hehe.com', '$2y$10$3p2ypZtZvz37VdwiESglde//LGZmDYxwwr7Pa4MsAA3NpVe0Y4c66', '0', '0', '1', NULL, '1', '1', '2025-10-27 07:44:45'),
('20', 'Royal', 'Orange', 'b@hehe.com', '$2y$10$/j4lgr9jbtNNP2Qf98SV1OK/4fS6v/96EXo4iHXe8PWdorl6mCerm', '0', '1', '0', NULL, '0', '1', '2025-11-15 23:09:55'),
('21', 'Mid', 'Wife', 'midwife@gmail.com', '$2y$10$uGNWlEub6AVTAmKYNHU0LeO/LSjZk.V45ixjl0PC15Lkp/9dM3da2', '0', '0', '1', NULL, '0', '1', '2025-11-17 22:59:13'),
('22', 'Marie', 'Condo', 'hau@hshs.com', '$2y$10$gDr7XPg5OcZPU7rKba3LmOGgjSaCrfNThF19Z89G4Qq6hRJCBNSP6', '1', '0', '0', NULL, '0', '1', '2025-11-23 02:23:46'),
('23', 'John Wissam', 'Fajardo', 'fajardojohnwissam@gmail.com', '$2y$10$JF4z2nY43QarQg/wY8jmuOJ2hRrdy7aWcac7SMKQ0ZNiFRbR1u42m', '0', '0', '1', NULL, '0', '1', '2025-11-26 06:01:24'),
('24', 'Veejay', 'Flores', 'veejay16@gmail.com', '$2y$10$ui5w74vrJ/98Cw2HlDXBP.ehyfqNGJCgN13XegblLDP.BhmZWJhbu', '0', '0', '1', NULL, '0', '1', '2025-11-26 07:22:58');

